source,scope,year,doi,method_auto,method_verified,method_basis,methods_mentioned,oa_rep,oa_max,kappa,sensor,res_m,region,validation,validation_evidence,validation_auto,oa_snippet,file,n_val,n_val_snippet,eligible,eligibility_reason,method_audit_note,multi_method,f1_scan,f1_verified,iou_scan,producers_acc_scan,users_acc_scan,f1_in_s8_subset,oa_unverified
new,crop-classification,2019,10.1080/01431161.2019.1591648,Random Forest/SVM,,body,Random Forest/SVM|Object-Based|Phenology/Threshold,87.4,87.4,,?,5,Iran,random CV/split,,random CV/split,OA = 86.48%,niazmardi2019,,,1,,,1,,,,,,,
new,crop-classification,2019,10.3390/rs11111370,Random Forest/SVM,,abstract,Attention/Transformer|CNN/Deep Learning|Random Forest/SVM|Phenology/Threshold,78,81,,Sentinel-2,10,?,random CV/split,,random CV/split,OA of the Sentinel-2-derived crop/land-use maps varied between 72%,remotesensing-11-01370,,,1,,,1,90,,100,,,,
new,crop-classification,2019,10.3390/s19102401,Random Forest/SVM,,abstract,CNN/Deep Learning|Random Forest/SVM|Object-Based|Phenology/Threshold,93,93,0.91,Sentinel-2,5,China,ground/field reference,,ground/field reference,Overall accuracy = 93%,sensors-19-02401-v2,,,1,,,1,100,,61,,,,
new,crop-classification,2020,10.26480/bda.01.2021.01.05,Phenology/Threshold,,abstract,Phenology/Threshold,79.75,79.746,,Sentinel-2,0.44,Nepal,ground/field reference,,ground/field reference,overall accuracy of the method was found to be 79.746%,1bda2021-01-05,,,1,,,0,,,,,,,
new,crop-classification,2020,10.1080/10095020.2020.1782776,Random Forest/SVM,,abstract,Random Forest/SVM|Object-Based|Phenology/Threshold,84.3,95,,Sentinel-2,0.5,?,random CV/split,,random CV/split,overall accuracy of 87.8%,Crop type mapping using LiDAR  Sentinel-2 and aerial imagery with machine learning algorithms,,,1,,,1,,,,,,,
new,crop-classification,2020,10.3390/ijgi9020120,Random Forest/SVM,,body,Random Forest/SVM|Phenology/Threshold,96.69,96.7,,Sentinel-2,1,?,random CV/split,,random CV/split,overall accuracy of 96.7%,ijgi-09-00120-v3,,,1,,,1,,,,,,,
new,crop-classification,2021,10.1016/j.jag.2020.102264,Random Forest/SVM,,abstract,Random Forest/SVM|Object-Based|Phenology/Threshold,72,75,,Sentinel-2,10,?,ground/field reference,,ground/field reference,OA of 69%,1-s2.0-S0303243420309077-main,,,1,,,1,,,,,,,
new,crop-classification,2021,10.1016/j.jag.2021.102451,CNN/Deep Learning,,abstract,Foundation Model|RNN/LSTM|CNN/Deep Learning|Random Forest/SVM|Object-Based|Phenology/Threshold,87,94.6,,Sentinel-2,10,USA,random CV/split,,random CV/split,Overall Accuracy of crop mapping in all the target areas exceeded 87%,1-s2.0-S0303243421001586-main,,,1,,,1,,,,,,,
new,crop-classification,2021,10.1016/j.isprsjprs.2020.11.022,CNN/Deep Learning,,abstract,Foundation Model|CNN/Deep Learning|Random Forest/SVM|Object-Based|Phenology/Threshold,92,97,,Landsat,,USA,random CV/split,,random CV/split,OA = 92%,1-s2.0-S0924271620303294-main,190,190 reference points,1,,,1,,,,,,,
new,crop-classification,2021,10.1016/j.isprsjprs.2021.02.018,CNN/Deep Learning,,abstract,CNN/Deep Learning|Random Forest/SVM|Phenology/Threshold,92.5,100,0.991,Sentinel-2,,USA,random CV/split,,random CV/split,overall accuracy of 100%,1-s2.0-S0924271621000599-main,,,1,,,1,,,,,,,
new,crop-classification,2021,10.3897/arb.v33.e04,Phenology/Threshold,,abstract,Random Forest/SVM|Phenology/Threshold,78,82,,Sentinel-2,,?,random CV/split,,random CV/split,overall accuracy of the map based solely on Sentinel-2 data is 74.8%,4_Dimitrov,,,1,,,1,,,,,,,
new,crop-classification,2021,10.52547/gisj.12.4.73,Random Forest/SVM,,abstract,CNN/Deep Learning|Random Forest/SVM|Phenology/Threshold,91.36,91.36,0.8927,Sentinel-2,,Iran,ground/field reference,,ground/field reference,overall accuracy of 91.36%,GISJ_Volume 12_Issue 4_Pages 73-92,,,1,,,1,,,,,,,
new,crop-classification,2021,10.1155/2021/8810279,Random Forest/SVM,,abstract,CNN/Deep Learning|Random Forest/SVM|Object-Based|Phenology/Threshold,83.06,86,0.85,Sentinel-2,,?,ground/field reference,,ground/field reference,"overall accuracies and the Kappa indices, with around 85%",Scientifica - 2021 - Moumni - Machine Learning‐Based Classification for Crop‐Type Mapping Using the Fusion of,,,1,,,1,,,,,,,
new,crop-classification,2021,10.3390/rs13142790,RNN/LSTM,,abstract,RNN/LSTM|CNN/Deep Learning|Object-Based|Phenology/Threshold,85.98,85.98,,Sentinel-2,10,China,random CV/split,,random CV/split,OA of Mask GRU-CNNs was 85.98%,remotesensing-13-02790-v2,,,1,,,1,100,,,,,,
new,crop-classification,2022,10.1016/j.jag.2022.102692,Phenology/Threshold,,abstract,CNN/Deep Learning|Random Forest/SVM|Object-Based|Phenology/Threshold,94.12,94.24,,Sentinel-2,10,USA,random CV/split,,random CV/split,overall accuracies of 94%,1-s2.0-S0303243422000186-main,,,1,,,1,,,,,,,
new,crop-classification,2022,10.1016/j.ejrs.2022.01.004,Random Forest/SVM,,abstract,Random Forest/SVM|Object-Based|Phenology/Threshold,97.16,97.16,0.9599,Sentinel-2,10,India,?,,?,overall accuracy of 97.16%,1-s2.0-S1110982322000059-main,,,1,,,1,,,,,,,
new,crop-classification,2022,10.1016/j.rsase.2022.100776,Random Forest/SVM,,abstract,CNN/Deep Learning|Random Forest/SVM|Object-Based|Phenology/Threshold,96.19,96.19,0.96,Sentinel-2,10,?,random CV/split,,random CV/split,overall accuracy of 96.19%,1-s2.0-S2352938522000842-main,250,250 validation samples,1,,,1,,,,,,,
new,crop-classification,2022,10.3390/rs14030541,Random Forest/SVM,,abstract,CNN/Deep Learning|Random Forest/SVM|Object-Based|Phenology/Threshold,77.6,94,0.86,Sentinel-2,10,?,random CV/split,,random CV/split,overall accuracy (OA) of 77.6%,remotesensing-14-00541-v2,,,1,,,1,83.6,,43,100,,,
new,crop-classification,2022,10.3390/rs14030566,Attention/Transformer,,body,Attention/Transformer|CNN/Deep Learning|Random Forest/SVM|Object-Based|Phenology/Threshold,85,90,,Sentinel-2,10,USA,ground/field reference,,ground/field reference,OA of ~80%,remotesensing-14-00566,,,1,,,1,100,92.23,62,,,1,
new,crop-classification,2022,10.1007/s10333-022-00901-x,Random Forest/SVM,,abstract,CNN/Deep Learning|Random Forest/SVM|Object-Based|Phenology/Threshold,88,88,0.88,Sentinel-2,30,Iran,ground/field reference,,ground/field reference,overall accuracy and kappa achieved to 88%,s10333-022-00901-x,,,1,,,1,,,,,94.8,,
new,crop-classification,2022,10.1007/s40808-022-01608-y,Transfer/Pre-trained,,abstract,Foundation Model|Attention/Transformer|RNN/LSTM|CNN/Deep Learning|Random Forest/SVM,96.27,99.92,0.8215,RADARSAT,,India,ground/field reference,,ground/field reference,overall accuracy of 86.13%,s40808-022-01608-y,,,1,,Auto-label 'Foundation Model' corrected to 'Transfer/Pre-trained': manual audit found no self-supervised EO foundation model; transfer/pre-training study (Supplementary S4),1,,,100,,,,
new,crop-classification,2023,10.1016/j.compag.2022.107577,CNN/Deep Learning,,body,CNN/Deep Learning|Random Forest/SVM|Object-Based|Phenology/Threshold,93.48,93.96,0.91,Sentinel-2,10,USA,ground/field reference,,ground/field reference,overall accuracy of 93%,1-s2.0-S0168169922008857-main,3183,3183 reference samples,1,,,1,,,,,,,
new,crop-classification,2023,10.3390/agronomy13112800,Attention/Transformer,,abstract,Attention/Transformer|RNN/LSTM|CNN/Deep Learning|Random Forest/SVM|Object-Based|Phenology/Threshold,90.61,90.61,0.9062,Sentinel-2,10,China,random CV/split,,random CV/split,OA of 90.61%,agronomy-13-02800,,,1,,,1,100,,,,100,,
new,crop-classification,2023,10.3390/rs15133414,Transfer/Pre-trained,,body,Foundation Model|Attention/Transformer|CNN/Deep Learning|Random Forest/SVM|Object-Based|Phenology/Threshold,88.25,91.53,,Sentinel-2,10,?,random CV/split,,random CV/split,overall accuracies ranging from 91.5%,remotesensing-15-03414-v2,,,1,,Auto-label 'Foundation Model' corrected to 'Transfer/Pre-trained': manual audit found no self-supervised EO foundation model; transfer/pre-training study (Supplementary S4),1,,,,,,,
new,crop-classification,2023,10.3390/rs16010127,CNN/Deep Learning,,body,CNN/Deep Learning|Random Forest/SVM|Phenology/Threshold,89.81,96.25,0.911,Sentinel-2,10,Iran,random CV/split,,random CV/split,Overall Accuracy (OA) of 96.25%,remotesensing-16-00127-v2,,,1,,,1,,,,,,,
new,crop-classification,2024,10.1016/j.jag.2024.103718,Transfer/Pre-trained,,abstract,Foundation Model|Attention/Transformer|CNN/Deep Learning|Random Forest/SVM|Phenology/Threshold,93.5,98,,Sentinel-2,10,?,random CV/split,,random CV/split,OA of 89%,1-s2.0-S1569843224000724-main,,,1,,Auto-label 'Foundation Model' corrected to 'Transfer/Pre-trained': manual audit found no self-supervised EO foundation model; transfer/pre-training study (Supplementary S4),1,,,,,,,
new,crop-classification,2024,10.20479/bursauludagziraat.1402043,Random Forest/SVM,,abstract,RNN/LSTM|CNN/Deep Learning|Random Forest/SVM|Phenology/Threshold,90.05,98,0.92,Sentinel-2,10,?,ground/field reference,,ground/field reference,OA of 95%,10.20479-bursauludagziraat.1402043-3587034,,,1,,,1,,,,,,,
new,crop-classification,2024,10.35633/inmateh-72-12,Random Forest/SVM,,abstract,CNN/Deep Learning|Random Forest/SVM|Object-Based|Phenology/Threshold,85.82,85.82,0.7119,Sentinel-2,60,Indonesia,random CV/split,,random CV/split,overall accuracy of 85.82%,72-12-N998-Irsyam-MAHRUS1d410989-7d09-406a-abaa-476ba0f26d11,,,1,,,1,,,,70.59,36,,
new,crop-classification,2024,10.3390/s24072108,Random Forest/SVM,,abstract,Attention/Transformer|CNN/Deep Learning|Random Forest/SVM|Object-Based|Phenology/Threshold,80,84,,Sentinel-2,,?,random CV/split,,random CV/split,overall accuracy of 80%,sensors-24-02108,,,1,,,1,,,,,,,
new,crop-classification,2025,10.1016/j.jenvman.2025.125542,Attention/Transformer,,body,Attention/Transformer|CNN/Deep Learning|Random Forest/SVM|Object-Based|Phenology/Threshold,80.63,96,,Sentinel-2,10,China,random CV/split,,random CV/split,overall accuracy (OA) of 80.63 %,1-s2.0-S030147972501518X-main,57,57 samples were used for testing,1,,,1,,,,,,,
new,crop-classification,2025,10.3390/rs17183207,RNN/LSTM,,abstract,Attention/Transformer|RNN/LSTM|CNN/Deep Learning|Random Forest/SVM|Object-Based|Phenology/Threshold,93.46,99.12,,Sentinel-2,10,Italy,random CV/split,,random CV/split,overall accuracy (99.12%,remotesensing-17-03207,,,1,,,1,100,,100,,,,
new,crop-classification,2025,10.1007/s12518-025-00659-x,CNN/Deep Learning,,abstract,Foundation Model|Attention/Transformer|RNN/LSTM|CNN/Deep Learning|Random Forest/SVM|Object-Based|Phenology/Threshold,93.9,94.8,0.89,Sentinel-2,,India,random CV/split,,random CV/split,overall accuracy (94.8%,s12518-025-00659-x,,,1,,,1,92,,,,95,,
new,crop-classification,2026,10.3390/agriculture16090920,RNN/LSTM,,abstract,RNN/LSTM|CNN/Deep Learning|Random Forest/SVM|Object-Based|Phenology/Threshold,93.35,93.61,0.9166,Sentinel-2,,China,random CV/split,,random CV/split,overall accuracy of 93.61%,agriculture-16-00920,,,1,,,1,85.61,,100,,,,
existing,rice,2004,10.1007/bf03030862,Phenology/Threshold,,abstract,Random Forest/SVM|Phenology/Threshold,93,93.77,0.9263,Landsat,23,India,ground/field reference,,ground/field reference,"Overall accuracy = 86,69%",001_Analysis of temporal sar and optical data for rice mapping,,,1,,,1,,,,,,,
existing,rice,2009,10.1080/01431160902842391,Random Forest/SVM,,body,Random Forest/SVM|Phenology/Threshold,80.1,80.1,0.95,Landsat,,USA,random CV/split,,random CV/split,overall accuracy of 80.1%,011_Mapping paddy rice with multitemporal ALOSPALSAR imagery in southeast China,,,1,,,1,,,,,,,
existing,rice,2011,10.1117/1.3619838,Phenology/Threshold,,body,Phenology/Threshold,80,80,,Landsat,500,India,?,,?,overall accuracy of 80%,014_Mapping rice areas of South Asia using MODIS multitemporal data,,,1,,,0,,,,,,,
existing,rice,2011,10.1109/jstars.2010.2091493,Phenology/Threshold,,abstract,Phenology/Threshold,96,96,0.91,MODIS,12.5,USA,random CV/split,,random CV/split,overall accuracies (95%,"017_Monitoring Rice Agriculture in the Sacramento Valley, USA With Multitemporal PALSAR and MODIS Imagery",,,1,,,0,,,,,,,
new,rice,2012,10.1016/j.asr.2011.09.011,Phenology/Threshold,,abstract,Phenology/Threshold,90.1,90.1,0.901,Landsat,250,Vietnam,ground/field reference,,ground/field reference,overall accuracy of 90.1%,1-s2.0-S0273117711006764-main,,,1,,,0,,,,,,,
new,rice,2013,10.4209/aaqr.2012.06.0150,Phenology/Threshold,,abstract,Phenology/Threshold,87,98,,MODIS,2,Taiwan,ground/field reference,,ground/field reference,overall accuracy of 87%,aaqr-12-06-oa-0150,,,0,"Rice-straw burned-area mapping for an emissions inventory (burn status, not paddy extent)",,0,,,,,,,
existing,rice,2014,10.3390/rs61212789,Phenology/Threshold,,abstract,Random Forest/SVM|Phenology/Threshold,87.2,90.4,0.72,Sentinel-1,30,Philippines,random CV/split,,random CV/split,overall accuracy of 90%,025_Complementarity of Two Rice Mapping Approaches Characterizing Strata Mapped by Hypertemporal MODIS and Rice Paddy Identi,,,1,,,1,,,,,,,
existing,rice,2014,10.3390/rs6054090,Transfer/Pre-trained,,body,Foundation Model|Object-Based|Phenology/Threshold,78.5,80,,Sentinel-1,,Vietnam,ground/field reference,,ground/field reference,overall accuracy of 80%,027_Monitoring Changes in Rice Cultivated Area from SAR and Optical Satellite Images in Ben Tre and Tra Vinh Provinces in Me,75,75 ground truth points,1,,Auto-label 'Foundation Model' corrected to 'Transfer/Pre-trained': manual audit found no self-supervised EO foundation model; transfer/pre-training study (Supplementary S4),1,,,,,,,
new,rice,2014,10.3390/rs6031938,Phenology/Threshold,,abstract,Random Forest/SVM|Phenology/Threshold,94,94,,Landsat,5,Bangladesh,ground/field reference,,ground/field reference,overall accuracy of 94%,remotesensing-06-01938-v2,,,1,,,1,,,,,,,
existing,rice,2015,10.3390/rs70505077,Object-Based,,title,Random Forest/SVM|Object-Based|Phenology/Threshold,95.84,96.68,0.93,Landsat,0.5,Cambodia,ground/field reference,,ground/field reference,overall accuracy of higher than 95%,029_Object-Based Flood Mapping and Affected Rice Field Estimation with Landsat 8 OLI and MODIS Data,,,0,"Object-based flood mapping / affected-rice estimation (flood extent, not paddy-type accuracy)",,1,,,,,,,
existing,rice,2015,10.5194/isprsarchives-xl-7-w3-77-2015,Phenology/Threshold,,title,Phenology/Threshold,85.3,85.3,0.74,Sentinel-1,150,Vietnam,ground/field reference,,ground/field reference,overall accuracy of 85.3%,032_Rice-planted area extraction by time series analysis of ENVISAT ASAR WS data using a phenology-based classification appr,,,1,,,0,,,,,80.3,,
existing,rice,2015,10.3390/rs70708858,Phenology/Threshold,,abstract,Phenology/Threshold,78,78,,Landsat,500,India,ground/field reference,,ground/field reference,Overall Accuracy 78%,"036_Mapping Flooded Rice Paddies Using Time Series of MODIS Imagery in the Krishna River Basin, India",,,1,,,0,,,,,85,,
existing,rice,2015,10.1016/j.isprsjprs.2015.05.011,Phenology/Threshold,,title,Phenology/Threshold,97,97,0.92,Landsat,463,USA,random CV/split,,random CV/split,overall accuracy was 97%,039_Mapping paddy rice planting areas through time series analysis of MODIS land surface temperature and vegetation index da,,,1,,,0,,,,92,96,,
new,rice,2015,10.1016/j.rse.2015.01.004,Phenology/Threshold,,abstract,Object-Based|Phenology/Threshold,91,95,0.95,Sentinel-2,30,USA,ground/field reference,,ground/field reference,overall accuracies were 95%,1-s2.0-S0034425715000139-main,,,1,,,1,,,,,,,
new,rice,2015,10.1016/j.isprsjprs.2015.04.008,Phenology/Threshold,,abstract,CNN/Deep Learning|Object-Based|Phenology/Threshold,88.7,88.7,0.94,Sentinel-2,0.5,USA,ground/field reference,,ground/field reference,overall accuracy (88.7%,1-s2.0-S0924271615001185-main,,,1,,,1,,,,,,,
new,rice,2015,10.3390/rs71215805,Phenology/Threshold,,abstract,Phenology/Threshold,78,78,0.57,MODIS,5,Japan,random CV/split,,random CV/split,overall accuracy of 78%,remotesensing-07-15805,100,100 ground truth sample,1,,,0,,,,,,,
new,rice,2015,10.3390/s150100769,Random Forest/SVM,,body,Random Forest/SVM|Object-Based|Phenology/Threshold,92.35,95.7,,Landsat,,China,random CV/split,,random CV/split,overall accuracy of 89%,sensors-15-00769,,,1,,,1,,,,,,,
existing,rice,2016,10.1016/j.isprsjprs.2016.05.010,Phenology/Threshold,,abstract,Random Forest/SVM|Phenology/Threshold,98,98,,Sentinel-2,30,USA,random CV/split,,random CV/split,overall accuracy of 98%,042_Evolution of regional to global paddy rice mapping methods A review,,,1,,,1,,,,,,,
existing,rice,2016,10.3390/s17010010,Object-Based,,title,Random Forest/SVM|Object-Based|Phenology/Threshold,93,93,,Sentinel-2,30,China,ground/field reference,,ground/field reference,overall accuracy of 93%,045_Object-Based Paddy Rice Mapping Using HJ-1AB Data and Temporal Features Extracted from Time Series MODIS NDVI Data,1800,1800 ground truth points,1,,,1,,,,,,,
existing,rice,2016,10.3390/rs8060479,Object-Based,,title,CNN/Deep Learning|Random Forest/SVM|Object-Based|Phenology/Threshold,87.5,90.62,0.8437,Sentinel-2,30,China,random CV/split,,random CV/split,overall accuracy of 90.62%,"046_An Object-Based Paddy Rice Classification Using Multi-Spectral Data and Crop Phenology in Assam, Northeast India",1800,1800 ground truth points,1,,,1,,,,,,,
new,rice,2016,10.1080/15481603.2016.1273438,Object-Based,,title,Random Forest/SVM|Object-Based|Phenology/Threshold,90.47,93.65,0.8699,Landsat,15,China,random CV/split,,random CV/split,overall accuracy of 87.28%,Efficient paddy field mapping using Landsat-8 imagery and object-based image analysis based on advanced fractel net evolution approach,,,1,,,1,,,100,,,,
new,rice,2016,10.5194/isprsarchives-xli-b8-863-2016,Phenology/Threshold,,abstract,Phenology/Threshold,86.2,86.2,0.862,Sentinel-1,10,Vietnam,ground/field reference,,ground/field reference,overall accuracy and Kappa coefficient were 86.2%,isprs-archives-XLI-B8-863-2016,,,1,,,0,,,,,,,
existing,rice,2017,10.3390/w9060392,Phenology/Threshold,,abstract,Phenology/Threshold,77.7,77.7,0.87,Sentinel-2,10,Vietnam,ground/field reference,,ground/field reference,overall accuracies (in quotation {}) ranging from 77.7%,050_European Rice Cropland Mapping with Sentinel-1 Data The Mediterranean Region Case Study,,,1,,,0,,,37,,99.5,,
existing,rice,2017,10.1080/01431161.2017.1395969,Random Forest/SVM,,abstract,Random Forest/SVM|Object-Based|Phenology/Threshold,90.8,99,0.93,Sentinel-1,10,China,random CV/split,,random CV/split,overall accuracy increased from 80.6%,051_Mapping paddy rice fields by applying machine learning algorithms to multi-temporal Sentinel-1A and Landsat data,,,1,,,1,,,,,,,
existing,rice,2018,10.1109/jstars.2017.2784784,Random Forest/SVM,,body,Random Forest/SVM|Object-Based|Phenology/Threshold,91.25,95,,Sentinel-1,5,USA,random CV/split,,random CV/split,overall accuracy (93.5%,"053_Mapping Double and Single Crop Paddy Rice With Sentinel-1A at Varying Spatial Scales and Polarizations in Hanoi, Vietnam",41,41 polygons for validation,1,,,1,,,,,,,
existing,rice,2018,10.1109/lgrs.2018.2865516,Phenology/Threshold,,title,Phenology/Threshold,96.8,96.8,0.97,Landsat,,China,,"Auto label spatial/independent was a false positive: ""spatially independent"" described single vs double cropping systems, not validation.",spatial/independent,overall accuracy of 96.8%,054_Mapping Rice Planted Area Using a New Normalized EVI and SAVI (NVI) Derived From Landsat-8 OLI,,,1,,,0,,,,,,,
existing,rice,2018,10.1109/lgrs.2018.2865816,Phenology/Threshold,,body,Phenology/Threshold,85,85,,Sentinel-1,,USA,?,,?,overall accuracy >85%,056_Sen4Rice A Processing Chain for Differentiating Early and Late Transplanted Rice Using Time-Series Sentinel-1 SAR Data W,150,150 validation points,1,,,0,,,,,,,
existing,rice,2018,10.3390/rs10030447,Phenology/Threshold,,abstract,CNN/Deep Learning|Random Forest/SVM|Object-Based|Phenology/Threshold,90,90,,Sentinel-2,6.25,Korea,random CV/split,,random CV/split,overall accuracy of 90%,060_Classification and Mapping of Paddy Rice by Combining Landsat and SAR Time Series Data,,,1,,,1,,,,,,,
existing,rice,2018,10.1080/22797254.2018.1556568,Phenology/Threshold,,title,Object-Based|Phenology/Threshold,93.03,96.98,0.93,Landsat,25,China,random CV/split,,random CV/split,overall accuracy of 89.09%,"063_Incorporating crop phenological trajectory and texture for paddy rice detection with time series MODIS, HJ-1A and ALOS P",,,1,,,1,100,,,,,,
existing,rice,2018,10.3390/s18010185,Phenology/Threshold,,abstract,CNN/Deep Learning|Random Forest/SVM|Object-Based|Phenology/Threshold,98.1,98.1,0.94,Sentinel-1,1,China,ground/field reference,,ground/field reference,overall accuracy was 98.10%,"064_Mapping Early, Middle and Late Rice Extent Using Sentinel-1A and Landsat-8 Data in the Poyang Lake Plain, China",,,1,,,1,,,31,,,,
existing,rice,2018,10.3390/rs10111840,CNN/Deep Learning,,title,CNN/Deep Learning|Random Forest/SVM|Object-Based|Phenology/Threshold,90,90,,Sentinel-2,5,USA,random CV/split,,random CV/split,overall accuracy was approximately 90%,"065_Mapping Paddy Rice Using a Convolutional Neural Network (CNN) with Landsat 8 Datasets in the Dongting Lake Area, China",580,580 ground truth points,1,,,1,89.97,88.24,48,96.22,,1,
new,rice,2018,10.1080/01431161.2018.1530812,Phenology/Threshold,,abstract,CNN/Deep Learning|Object-Based|Phenology/Threshold,82.81,85.3,,Landsat,30,China,?,,?,overall accuracy of 80.33%,01431161.2018.1530812,,,1,,,1,,,,,,,
new,rice,2018,10.4172/2167-0587.1000215,Phenology/Threshold,,abstract,Phenology/Threshold,69.09,69.0909,,Landsat,15,Iran,?,,?,overall accuracy of the method was 69.0909%,mapping-the-spatial-distribution-of-rice-fields-in-southern-coast-ofcaspian-sea-using-landsat-8-timeseries-images-2167-0587-1000215,,,1,,,0,,,,,,,
existing,rice,2019,10.3390/rs11070887,Random Forest/SVM,,abstract,RNN/LSTM|CNN/Deep Learning|Random Forest/SVM|Object-Based|Phenology/Threshold,93.95,99.2,0.77,Sentinel-2,10,France,random CV/split,,random CV/split,overall accuracy obtained using a simple decision tree reached 96.3%,"067_Mapping Paddy Rice Using Sentinel-1 SAR Time Series in Camargue, France",832,832 reference plots,1,,,1,95,94.3,,99,98.4,1,
existing,rice,2019,10.1016/j.asr.2019.08.042,Random Forest/SVM,,title,CNN/Deep Learning|Random Forest/SVM|Object-Based|Phenology/Threshold,85,85,0.85,Sentinel-2,10,China,ground/field reference,,ground/field reference,overall accuracy and Kappa coefficient are above 85%,068_Mapping paddy rice by the object-based random forest method using time series Sentinel-1Sentinel-2 data,,,1,,,1,,,,,,,
existing,rice,2019,10.3390/ijgi8050211,Random Forest/SVM,,abstract,Foundation Model|CNN/Deep Learning|Random Forest/SVM|Object-Based|Phenology/Threshold,80.7,80.7,,Sentinel-2,,Vietnam,random CV/split,,random CV/split,overall accuracy of the classiﬁcation was 80.7%,074_Monitoring and Mapping of Rice Cropping Pattern in Flooding Area in the Vietnamese Mekong Delta Using Sentinel-1A Data A,140,140 ground truth points,1,,,1,,,79,,,,
existing,rice,2019,10.3390/rs11141666,Random Forest/SVM,,abstract,Random Forest/SVM|Object-Based|Phenology/Threshold,95.65,96.5,0.92,Sentinel-2,5,Indonesia,random CV/split,,random CV/split,Overall accuracy was 94.8%,"076_Automated Near-Real-Time Mapping and Monitoring of Rice Extent, Cropping Patterns, and Growth Stages in Southeast Asia U",,,1,,,1,,,,,98.6,,
existing,rice,2019,10.1038/s41597-019-0036-3,Random Forest/SVM,,abstract,Random Forest/SVM|Phenology/Threshold,90,90,,Sentinel-2,10,USA,random CV/split,,random CV/split,overall accuracy >90%,078_High resolution paddy rice maps in cloud-prone Bangladesh and Northeast India using Sentinel-1 data,,,1,,,1,,,,,,,
existing,rice,2019,10.1007/s11707-019-0803-7,Random Forest/SVM,,abstract,Random Forest/SVM|Object-Based|Phenology/Threshold,89,93,,Sentinel-2,10,China,random CV/split,,random CV/split,Overall Accuracy:93%,080_Cloud-based typhoon-derived paddy rice flooding and lodging detection using multi-temporal Sentinel-1&amp;2,,,0,"Typhoon-induced rice flooding/lodging damage detection, not extent mapping",,1,,,,,,,
existing,rice,2019,10.3390/rs11141699,Phenology/Threshold,,title,Random Forest/SVM|Object-Based|Phenology/Threshold,98.19,98.19,0.9819,Sentinel-2,30,China,random CV/split,,random CV/split,overall accuracy and the kappa coeﬃcient of our paddy rice map were 98.19%,081_Mapping Paddy Rice Planting Area in Northeastern China Using Spatiotemporal Data Fusion and Phenology-Based Method,,,1,,,1,,,,,,,
new,rice,2019,10.1080/15481603.2019.1646978,CNN/Deep Learning,,body,CNN/Deep Learning|Random Forest/SVM|Object-Based|Phenology/Threshold,91,91,,Sentinel-2,5,China,ground/field reference,,ground/field reference,overall accuracies ranged from 91%,15481603.2019.1646978,,,1,,,1,,,,,,,
new,rice,2019,10.3390/rs11172034,Random Forest/SVM,,abstract,Random Forest/SVM|Object-Based|Phenology/Threshold,90.94,93.5,,Sentinel-1,10,China,random CV/split,,random CV/split,OA of 83.9%,remotesensing-11-02034,,,1,,,1,100,,36,,,,
existing,rice,2020,10.3390/ijgi9110663,Random Forest/SVM,,abstract,RNN/LSTM|CNN/Deep Learning|Random Forest/SVM|Object-Based|Phenology/Threshold,92.1,92.1,,Sentinel-2,10,Indonesia,random CV/split,,random CV/split,overall accuracies of 92.10%,083_Combination of Landsat 8 OLI and Sentinel-1 SAR Time-Series Data for Mapping Paddy Fields in Parts of West and Central J,,,1,,,1,,,,80.86,84.83,,
existing,rice,2020,10.3390/rs13010103,Random Forest/SVM,,abstract,Foundation Model|Random Forest/SVM|Object-Based|Phenology/Threshold,91.9,96.8,0.883,Sentinel-1,5,Taiwan,random CV/split,,random CV/split,overall accuracy of 91.9%,084_Rice-Field Mapping with Sentinel-1A SAR Time-Series Data,,,1,,,1,,,,74.1,,,
existing,rice,2020,10.1080/01431161.2020.1846223,Transfer/Pre-trained,,body,Foundation Model|RNN/LSTM|CNN/Deep Learning|Random Forest/SVM|Object-Based|Phenology/Threshold,82.75,85,,Sentinel-2,20,India,random CV/split,,random CV/split,overall accuracy of more than 70%,085_Semi-supervised Classification of Paddy Fields from Dual Polarized Synthetic Aperture Radar (SAR) images using Deep Lear,,,1,,Auto-label 'Foundation Model' corrected to 'Transfer/Pre-trained': manual audit found no self-supervised EO foundation model; transfer/pre-training study (Supplementary S4),1,,,,,,,
existing,rice,2020,10.1080/15481603.2020.1773012,Phenology/Threshold,,abstract,CNN/Deep Learning|Phenology/Threshold,95,95,,Sentinel-1,30,China,ground/field reference,,ground/field reference,overall accuracy (higher than 95%,088_Optimal MODIS data processing for accurate multi-year paddy rice area mapping in China,,,1,,,1,,,,,,,
existing,rice,2020,10.3390/rs12213613,Phenology/Threshold,,abstract,RNN/LSTM|CNN/Deep Learning|Random Forest/SVM|Object-Based|Phenology/Threshold,90.6,90.6,,Sentinel-2,10,Indonesia,random CV/split,,random CV/split,overall accuracy of 90.6%,"092_Automatic Mapping of Rice Growth Stages Using the Integration of SENTINEL-2, MOD13Q1, and SENTINEL-1",,,1,,,1,,,79,,,,
existing,rice,2020,10.3390/rs12101620,Transfer/Pre-trained,,abstract,Foundation Model|RNN/LSTM|CNN/Deep Learning|Random Forest/SVM|Object-Based|Phenology/Threshold,92.84,95,,Sentinel-2,10,USA,?,,?,OA of 93.14%,097_Mapping Rice Paddy Based on Machine Learning with Sentinel-2 Multi-Temporal Data Model Comparison and Transferability,,,1,,Auto-label 'Foundation Model' corrected to 'Transfer/Pre-trained': manual audit found no self-supervised EO foundation model; transfer/pre-training study (Supplementary S4),1,100,83.9,,,,1,
new,rice,2020,10.3390/rs12061022,Phenology/Threshold,,abstract,CNN/Deep Learning|Object-Based|Phenology/Threshold,93.31,93.66,0.89,Sentinel-2,30,China,random CV/split,,random CV/split,overall accuracy and kappa coeﬃcient of the rice paddy planting areas were 93.66%,remotesensing-12-01022-v2,,,1,,,1,,,,99.4,,,
new,rice,2020,10.3390/rs12193196,CNN/Deep Learning,,body,CNN/Deep Learning|Object-Based|Phenology/Threshold,85,85,0.8,Sentinel-2,30,India,random CV/split,,random CV/split,overall accuracy of 85%,remotesensing-12-03196-v2,,,1,,,1,,,48,,99,,
new,rice,2020,10.3390/rs12233959,Phenology/Threshold,,abstract,CNN/Deep Learning|Random Forest/SVM|Phenology/Threshold,82.14,89.52,,Sentinel-2,10,China,ground/field reference,,ground/field reference,overall accuracy of 74.76%,remotesensing-12-03959,,,1,,,1,91,91,,,,1,
existing,rice,2021,10.4236/ars.2021.103008,CNN/Deep Learning,,body,CNN/Deep Learning|Random Forest/SVM|Phenology/Threshold,75.63,77.19,0.99,Sentinel-1,,Bangladesh,ground/field reference,,ground/field reference,overall accuracy (77.19%,099_Crop Calendar Mapping of Bangladesh Rice Paddy Field with ALOS-2 ScanSAR Data,,,1,,,1,,,,100,,,
existing,rice,2021,10.1016/j.rsase.2021.100533,Phenology/Threshold,,abstract,Random Forest/SVM|Object-Based|Phenology/Threshold,89.3,89.3,,Sentinel-2,5,China,random CV/split,,random CV/split,overall accuracy (89.3%,101_Optimal multi-temporal Sentinel-1A SAR imagery for paddy rice field discrimination; a recommendation for operational map,,,1,,,1,,,,,,,
existing,rice,2021,10.3390/earth2030023,Object-Based,,body,Object-Based|Phenology/Threshold,100,100,,Sentinel-1,10,Italy,ground/field reference,,ground/field reference,overall accuracy up to 100%,102_Mapping European Rice Paddy Fields Using Yearly Sequences of Spaceborne Radar Reflectivity A Case Study in Italy,,,1,,,1,,,30,,,,
existing,rice,2021,10.3390/rs13091769,Random Forest/SVM,,abstract,RNN/LSTM|CNN/Deep Learning|Random Forest/SVM|Object-Based|Phenology/Threshold,96.69,96.69,0.87,Sentinel-2,10,Korea,random CV/split,,random CV/split,overall accuracy of 96.69%,107_A Scalable Machine Learning Pipeline for Paddy Rice Classification Using Multi-Temporal Sentinel Data,40,40 test plots,1,,,1,,,,,,,
existing,rice,2021,10.3390/agriculture11100977,Attention/Transformer,,body,Attention/Transformer|RNN/LSTM|CNN/Deep Learning|Random Forest/SVM|Object-Based|Phenology/Threshold,83.88,95,,Sentinel-2,10,China,?,,?,overall accuracy of FROM-GLC10 product is 72.76%,109_Rice Mapping Using a BiLSTM-Attention Model from Multitemporal Sentinel-1 Data,,,1,,,1,54,,,,,,
existing,rice,2021,10.3390/rs13050990,Object-Based,,title,Random Forest/SVM|Object-Based|Phenology/Threshold,95.4,95.4,,Sentinel-2,10,China,random CV/split,,random CV/split,overall accuracy of 95.4%,"111_Mapping Paddy Rice with Sentinel-12 and Phenology-, Object-Based AlgorithmA Implementation in Hangjiahu Plain in China U",,,1,,,1,80.5,,71.8,,93.7,,
existing,rice,2021,10.3390/rs13214400,Phenology/Threshold,,title,CNN/Deep Learning|Random Forest/SVM|Object-Based|Phenology/Threshold,93,93,0.85,Sentinel-2,10,China,random CV/split,,random CV/split,overall accuracy of 93%,114_Mapping a Paddy Rice Area in a Cloudy and Rainy Region Using Spatiotemporal Data Fusion and a Phenology-Based Algorithm,,,1,,,1,,,,,,,
existing,rice,2021,10.1080/15481603.2021.1943214,Phenology/Threshold,,title,Object-Based|Phenology/Threshold,90.6,98.1,,Sentinel-2,30,China,random CV/split,,random CV/split,overall accuracies of cropping system results for the study regions range from 81.0%,115_Detection of paddy rice cropping systems in southern China with time series Landsat images and phenology-based algorithm,,,1,,,1,,,,,,,
new,rice,2021,10.52939/ijg.v17i2.1763,Random Forest/SVM,,abstract,Random Forest/SVM|Object-Based|Phenology/Threshold,96.94,96.94,,Sentinel-2,250,Indonesia,random CV/split,,random CV/split,overall accuracy above > 85 %,1763-Article Text-2393-1-10-20210409,,,1,,,1,,,,,,,
new,rice,2021,10.3390/rs13040579,Phenology/Threshold,,abstract,CNN/Deep Learning|Random Forest/SVM|Object-Based|Phenology/Threshold,91.05,93.85,0.91,Sentinel-2,10,China,random CV/split,,random CV/split,overall accuracy and Kappa coefﬁcient of REDT ranged from 91%,remotesensing-13-00579,,,1,,,1,,,,,,,
new,rice,2021,10.3390/rs13071360,CNN/Deep Learning,,abstract,RNN/LSTM|CNN/Deep Learning|Random Forest/SVM|Object-Based|Phenology/Threshold,88.8,89.8,,Sentinel-2,,USA,random CV/split,,random CV/split,overall accuracy of the pheno-deep method is 88.8%,remotesensing-13-01360,364,364 validation samples,1,,,1,,,100,,,,
new,rice,2021,10.3390/su13020503,Phenology/Threshold,,abstract,Foundation Model|RNN/LSTM|CNN/Deep Learning|Random Forest/SVM|Object-Based|Phenology/Threshold,88,96.3,0.8371,Sentinel-2,10,China,ground/field reference,,ground/field reference,overall accuracy is greater than 93%,sustainability-13-00503,,,1,,,1,,,,,,,
existing,rice,2022,10.3390/rs14030699,CNN/Deep Learning,,title,RNN/LSTM|CNN/Deep Learning|Random Forest/SVM|Object-Based|Phenology/Threshold,98.3,98.3,0.795,Sentinel-2,10,USA,random CV/split,,random CV/split,OA = 98.3%,121_Large-Scale Rice Mapping Using Multi-Task Spatiotemporal Deep Learning and Sentinel-1 SAR Time Series,,,1,,,1,100,80.4,,,,1,
existing,rice,2022,10.1080/10106049.2022.2032396,Phenology/Threshold,,abstract,CNN/Deep Learning|Random Forest/SVM|Object-Based|Phenology/Threshold,85,88,0.85,Sentinel-2,10,USA,random CV/split,,random CV/split,overall accuracy of the classiﬁcation of 72.76%,123_Mapping active paddy rice area over monsoon asia using time-series Sentinel 2 images in Google earth engine; a case stud,1263,1263 ground truth points,1,,,1,,,,,,,
existing,rice,2022,10.3724/sp.j.1006.2022.12066,RNN/LSTM,,body,RNN/LSTM|CNN/Deep Learning|Random Forest/SVM|Phenology/Threshold,93.97,93.97,0.908,Sentinel-2,,China,ground/field reference,,ground/field reference,overall accuracy was 93.97%,"126_High-resolution paddy rice mapping using Sentinel data based on GEE platform a case study of Hunan province, China",,,1,,,1,100,91.98,,,100,1,
existing,rice,2022,10.3390/agriculture12122083,CNN/Deep Learning,,title,Attention/Transformer|CNN/Deep Learning|Random Forest/SVM|Object-Based|Phenology/Threshold,82.5,84,,Sentinel-2,10,China,random CV/split,,random CV/split,OA = 81%,127_A Convolutional Neural Network Method for Rice Mapping Using Time-Series of Sentinel-1 and Sentinel-2 Imagery,,,1,,,1,,,,,,,
existing,rice,2022,10.3390/rs14030498,CNN/Deep Learning,,title,Attention/Transformer|RNN/LSTM|CNN/Deep Learning|Random Forest/SVM|Object-Based|Phenology/Threshold,93,98.54,0.9854,Sentinel-2,,Iran,random CV/split,,random CV/split,overall accuracy and a Kappa coefﬁcient of 98.54%,128_A Dual Attention Convolutional Neural Network for Crop Classification Using Time-Series Sentinel-2 Imagery,,,1,,,1,,,78,,,,
existing,rice,2022,10.1007/s12518-022-00440-4,Random Forest/SVM,,title,Random Forest/SVM|Object-Based|Phenology/Threshold,90.3,90.3,0.903,Sentinel-2,20,China,random CV/split,,random CV/split,overall accuracy and kappa coefficient of 90.3%,129_Exploiting Sentinel-1 data and machine learningbased random forest for collectively mapping rice fields in Taiwan,,,1,,,1,,,,,90.5,,
existing,rice,2022,10.3390/rs14133213,Attention/Transformer,,body,Attention/Transformer|RNN/LSTM|CNN/Deep Learning|Random Forest/SVM|Object-Based|Phenology/Threshold,94.15,97.29,0.9424,Sentinel-2,10,China,ground/field reference,,ground/field reference,overall accuracy of the rice mapping results was 97.29%,130_Rice Mapping in a Subtropical Hilly Region Based on Sentinel-1 Time Series Feature Analysis and the Dual Branch BiLSTM M,,,1,,,1,54,,,,,,
existing,rice,2022,10.3390/rs14153721,CNN/Deep Learning,,title,Attention/Transformer|RNN/LSTM|CNN/Deep Learning|Random Forest/SVM|Object-Based|Phenology/Threshold,97,97,0.9561,Sentinel-2,10,China,random CV/split,,random CV/split,overall accuracy (OA) of 97%,136_Mapping Paddy Rice in Complex Landscapes with Landsat Time Series Data and Superpixel-Based Deep Learning Method,,,1,,,1,,,,,,,
existing,rice,2023,10.1007/s12518-023-00501-2,Phenology/Threshold,,body,Phenology/Threshold,79.86,80,,Sentinel-2,10,Bangladesh,ground/field reference,,ground/field reference,overall accuracy of 79.86%,138_Use of time series Sentinel-1 and Sentinel-2 image for rice crop inventory in parts of Bangladesh,,,1,,,0,,,,,,,
existing,rice,2023,10.1016/j.compag.2023.108262,Phenology/Threshold,,abstract,Random Forest/SVM|Object-Based|Phenology/Threshold,89.67,89.67,,Sentinel-2,5,China,random CV/split,,random CV/split,overall accuracies (OA) ranging from 89.67%,139_FARM A fully automated rice mapping framework combining Sentinel-1 SAR and Sentinel-2 multi-temporal imagery,,,1,,,1,94.83,,,,,,
existing,rice,2023,10.23917/forgeo.v37i2.20304,Random Forest/SVM,,abstract,CNN/Deep Learning|Random Forest/SVM|Object-Based|Phenology/Threshold,92.47,96.163,,Sentinel-2,30,Indonesia,ground/field reference,,ground/field reference,overall accuracy value was slightly higher (96.1630%,140_Machine Learning-Based Rice Field Mapping in Kulon Progo using a Fusion of Multispectral and SAR Imageries,,,1,,,1,,,,81.4037,91.5206,,
existing,rice,2023,10.3390/rs15133384,RNN/LSTM,,abstract,RNN/LSTM|CNN/Deep Learning|Random Forest/SVM|Phenology/Threshold,89.45,90,0.889,Sentinel-2,10,China,random CV/split,,random CV/split,overall accuracy of up to 90%,141_Crop Type Mapping Based on Polarization Information of Time Series Sentinel-1 Images Using Patch-Based Neural Network,,,1,,,1,97,,,,,,
existing,rice,2023,10.48084/etasr.6460,Random Forest/SVM,,abstract,CNN/Deep Learning|Random Forest/SVM|Object-Based|Phenology/Threshold,98,98,,Sentinel-2,10,India,ground/field reference,,ground/field reference,overall accuracy rate of 98%,142_Mapping Paddy Cropland in Guntur District using Machine Learning and Google Earth Engine utilizing Images from Sentinel-,,,1,,,1,100,98,,99,,1,
existing,rice,2023,10.1080/14498596.2023.2174196,CNN/Deep Learning,,abstract,RNN/LSTM|CNN/Deep Learning|Random Forest/SVM|Phenology/Threshold,92.75,98.67,0.93,Sentinel-2,10,China,random CV/split,,random CV/split,overall accuracy – OA) of 96.7%,"144_Paddy rice mapping in Red River Delta, Vietnam, using Sentinel 12 data and machine learning algorithms",,,1,,,1,93,,92,,,,
existing,rice,2023,10.3390/rs15061517,CNN/Deep Learning,,title,CNN/Deep Learning|Random Forest/SVM|Object-Based|Phenology/Threshold,92.5,94,,Sentinel-2,10,USA,random CV/split,,random CV/split,overall accuracy of this study was 91%,145_Deep ResU-Net Convolutional Neural Networks Segmentation for Smallholder Paddy Rice Mapping Using Sentinel 1 SAR and Sen,,,1,,,1,100,92,100,,,1,
existing,rice,2023,10.1016/j.ecoinf.2023.102136,RNN/LSTM,,body,RNN/LSTM|CNN/Deep Learning|Random Forest/SVM|Phenology/Threshold,90,98,0.9474,Sentinel-2,90,India,random CV/split,,random CV/split,overall accuracy and Kappa coefficient were 94.74%,148_Discrimination and monitoring of rice cultural types using dense time series of Sentinel-1 SAR data,,,1,,,1,,,,,,,
existing,rice,2023,10.1007/s41064-023-00256-w,CNN/Deep Learning,,abstract,Foundation Model|Attention/Transformer|RNN/LSTM|CNN/Deep Learning|Random Forest/SVM|Object-Based|Phenology/Threshold,93.95,95.3,0.945,Sentinel-2,,?,random CV/split,,random CV/split,overall accuracy (OA) of 95.3%,150_Generating Virtual Training Labels for Crop Classification from Fused Sentinel-1 and Sentinel-2 Time Series,3500,3500 test samples,1,,,1,100,,,,,,
existing,rice,2023,10.3389/fenvs.2023.1207882,CNN/Deep Learning,,body,CNN/Deep Learning|Random Forest/SVM|Object-Based|Phenology/Threshold,88.38,95.95,,Sentinel-2,10,USA,random CV/split,,random CV/split,overall accuracy of 87.2%,155_Sample-free automated mapping of double-season rice in China using Sentinel-1 SAR imagery,,,1,,,1,,,,,,,
new,rice,2023,10.1016/j.compag.2023.107954,CNN/Deep Learning,,abstract,Foundation Model|Attention/Transformer|CNN/Deep Learning|Object-Based|Phenology/Threshold,94,99.1,0.88,Sentinel-2,1,USA,random CV/split,,random CV/split,overall accuracy of 94%,1-s2.0-S0168169923003423-main,,,1,,,1,,,,,,,
new,rice,2023,10.1109/lgrs.2023.3321770,CNN/Deep Learning,,abstract,RNN/LSTM|CNN/Deep Learning|Phenology/Threshold,93.43,93.43,,Sentinel-1,,China,?,,?,overall accuracy (OA) of XFANet reaches 93.43%,Interpretable_Deep_Learning_Method_Combining_Temporal_Backscattering_Coefficients_and_Interferometric_Coherence_for_Rice_Area_Mapping,,,1,,,1,,,,,,,
new,rice,2023,10.5194/essd-15-1501-2023,CNN/Deep Learning,,abstract,RNN/LSTM|CNN/Deep Learning|Random Forest/SVM|Phenology/Threshold,80.7,80.7,0.8425,Sentinel-2,10,China,ground/field reference,,ground/field reference,overall accuracy of 80.7 %,essd-15-1501-2023,,,1,,,1,,,,,,,
existing,rice,2024,10.3390/rs16162900,Random Forest/SVM,,title,RNN/LSTM|CNN/Deep Learning|Random Forest/SVM|Phenology/Threshold,91.5,93,0.85,Sentinel-2,10,Brazil,spatial/independent,Classification validated using independent samples collected from a different tile than training (Brazil irrigated rice).,random CV/split,overall accuracy (93%,159_Mapping Irrigated Rice in Brazil Using Sentinel-2 SpectralTemporal Metrics and Random Forest Algorithm,,,1,,,1,,,40,91,90,,
existing,rice,2024,10.53555/kuey.v30i6.5160,Object-Based,,body,Object-Based|Phenology/Threshold,91,92,,Sentinel-2,20,India,ground/field reference,,ground/field reference,overall accuracy of 87 to 92%,162_Mapping Sowing Dates of Paddy in Different Agro-Climatic Regions of Punjab using SAR Satellite Data,,,1,,,1,,,,,,,
existing,rice,2024,10.1016/j.isprsjprs.2024.09.035,Phenology/Threshold,,title,Random Forest/SVM|Object-Based|Phenology/Threshold,97.99,98.98,,Sentinel-2,4.1,China,random CV/split,,random CV/split,overall accuracy of 97.99%,164_A phenological-knowledge-independent method for automatic paddy rice mapping with time series of polarimetric SAR images,,,1,,,1,,,,,,,
existing,rice,2024,10.1016/j.jag.2024.103725,Phenology/Threshold,,title,CNN/Deep Learning|Random Forest/SVM|Object-Based|Phenology/Threshold,90.7,90.7,0.81,Sentinel-2,10,USA,ground/field reference,,ground/field reference,overall accuracy of the mapping was 90.70 %,165_Large-scale and high-resolution paddy rice intensity mapping using downscaling and phenology-based algorithms on Google ,,,1,,,1,,,,,,,
existing,rice,2024,10.1080/10095020.2024.2341748,Object-Based,,title,CNN/Deep Learning|Random Forest/SVM|Object-Based|Phenology/Threshold,89,98.43,,Sentinel-2,10,Italy,random CV/split,,random CV/split,overall accuracy results (89%,"169_Crop classification in Google Earth Engine leveraging Sentinel-1, Sentinel-2, European CAP data, and object-based machin",,,1,,,1,100,84.4,,,,1,
existing,rice,2024,10.18520/cs/v126/i10/1265-1272,Random Forest/SVM,,abstract,CNN/Deep Learning|Random Forest/SVM|Phenology/Threshold,88.5,98.59,0.92,Sentinel-2,10,China,ground/field reference,,ground/field reference,overall accuracies from 88.48%,170_Automated kharif rice mapping using SAR data and machine learning techniques in GEE platform,,,1,,,1,,,,,,,
new,rice,2024,10.1016/j.rse.2024.114387,Object-Based,,abstract,Attention/Transformer|RNN/LSTM|CNN/Deep Learning|Random Forest/SVM|Object-Based|Phenology/Threshold,96,98.5,,Sentinel-2,10,China,random CV/split,,random CV/split,overall accuracy of 89.6%,1-s2.0-S0034425724004139-main,,,1,,,1,,,,,,,
new,rice,2024,10.51470/plantarchives.2025.v25.supplement-1.380,Object-Based,,body,Object-Based,91.3,91.3,0.82,Sentinel-2,10,India,ground/field reference,,ground/field reference,overall accuracy of 91.3%,380 ESTIMATION-OF-RICE-AREA-IN-THIRUVARUR-DISTRICT-USING-SENTINEL-2-SATELLITE-DATA,,,1,,,0,,,,,,,
new,rice,2024,10.3390/rs16152703,Phenology/Threshold,,abstract,CNN/Deep Learning|Random Forest/SVM|Object-Based|Phenology/Threshold,90.24,90.24,0.9024,Sentinel-2,10,China,random CV/split,,random CV/split,overall accuracy was up to 90.24%,remotesensing-16-02703,,,1,,,1,92,92,,,,1,
existing,rice,2025,10.9734/ijecc/2025/v15i105053,Phenology/Threshold,,abstract,CNN/Deep Learning|Random Forest/SVM|Phenology/Threshold,91.25,92.2,0.95,Sentinel-2,10,India,random CV/split,,random CV/split,overall accuracy of 91.25%,173_Identification of Rice Cropping Season and High-Resolution Area Estimation in Major Rice Tracts of Kerala Using Sentinel,,,1,,,1,,,,,,,
existing,rice,2025,10.1016/j.rsase.2025.101592,Random Forest/SVM,,abstract,CNN/Deep Learning|Random Forest/SVM|Object-Based|Phenology/Threshold,74.5,92,,Sentinel-2,10,Indonesia,random CV/split,,random CV/split,overall accuracy of 92 %,176_Ratoon rice mapping based on Sentinel-1 and Sentinel-2 imagery,,,1,,,1,100,,,,,,
existing,rice,2025,10.1080/15481603.2025.2455081,Phenology/Threshold,,abstract,Random Forest/SVM|Object-Based|Phenology/Threshold,64,89,,Sentinel-2,30,USA,random CV/split,,random CV/split,overall accuracy of 68%,177_Temporal backscatter characterisation of ratoon rice crops based on Sentinel-1 intensity data,,,1,,,1,,,,,,,
existing,rice,2025,10.1051/bioconf/202517101004,Object-Based,,title,CNN/Deep Learning|Random Forest/SVM|Object-Based|Phenology/Threshold,91.82,91.82,0.79,Sentinel-2,10,Indonesia,ground/field reference,,ground/field reference,overall accuracy of 91.82%,179_Phenological object-based paddy rice mapping in Sungai Burong Selangor Malaysia using Sentinel-1 data,,,1,,,1,,,,,,,
existing,rice,2025,10.1016/j.rsase.2025.101514,Phenology/Threshold,,body,Phenology/Threshold,80.2,80.2,,Sentinel-2,30,India,ground/field reference,,ground/field reference,overall accuracy of 80.2%,180_Potential of Sentinel-1 C-band SAR data in tandem with Sentinel-2 optical data towards in-season mapping of paddy residu,,,1,,,0,90,,100,,,,
existing,rice,2025,10.1016/j.jag.2025.104772,Phenology/Threshold,,title,CNN/Deep Learning|Random Forest/SVM|Object-Based|Phenology/Threshold,94.24,96.21,,Sentinel-2,5,China,random CV/split,,random CV/split,overall accuracy of 74.4 %,181_SPRC A novel Sentinel-1-2 Phenology-enhanced framework for automated paddy rice mapping,,,1,,,1,96.66,96.66,,,,1,
existing,rice,2025,10.1080/22797254.2025.2484711,Random Forest/SVM,,body,Random Forest/SVM|Object-Based|Phenology/Threshold,72.3,80,,Sentinel-2,10,USA,random CV/split,,random CV/split,Overall accuracy remains stable ( > 80%,182_Unsupervised mapping of rice paddy fields and their inundation patterns using Sentinel-1 SAR images and GIS,150,150 validation points,1,,,1,,,,,,,
existing,rice,2025,10.11591/eei.v14i2.7833,Random Forest/SVM,,abstract,CNN/Deep Learning|Random Forest/SVM|Phenology/Threshold,91.64,96.3,0.85,Sentinel-1,,China,random CV/split,,random CV/split,overall accuracy of 92.1%,183_Machine learning-based and synthetic aperture radar time-series data for rice classification over Sentinel-1 imagery,,,1,,,1,99,96,,,,1,
existing,rice,2025,10.1007/s10668-025-06448-1,Random Forest/SVM,,abstract,CNN/Deep Learning|Random Forest/SVM|Phenology/Threshold,90.3,90.3,,Sentinel-2,,USA,ground/field reference,,ground/field reference,overall accuracy (OA) of 90.3%,184_Mapping and monitoring paddy crops with sentinel-1 derived polarimetric parameters and machine learning,,,1,,,1,82,82,,,,1,
existing,rice,2025,10.1080/15481603.2025.2571255,Phenology/Threshold,,abstract,CNN/Deep Learning|Random Forest/SVM|Object-Based|Phenology/Threshold,84.07,84.07,0.776,Sentinel-2,10,China,ground/field reference,,ground/field reference,OA reached 84.07%,185_Automatic rice cropping intensity mapping in cloudy and foggy areas leveraging simplified harmonic analysis based on sen,,,1,,,1,,,,,,,
existing,rice,2025,10.3390/computers14080336,CNN/Deep Learning,,title,RNN/LSTM|CNN/Deep Learning|Random Forest/SVM|Phenology/Threshold,95,95,0.893,Sentinel-2,10,Japan,ground/field reference,,ground/field reference,overall accuracy of 95%,189_CNN-Random Forest Hybrid Method for Phenology-Based Paddy Rice Mapping Using Sentinel-2 and Landsat-8 Satellite Images,,,1,,,1,100,94.9,,,,1,
existing,rice,2025,10.1109/access.2025.3537818,CNN/Deep Learning,,title,CNN/Deep Learning|Random Forest/SVM|Object-Based|Phenology/Threshold,98.23,98.23,0.96,Sentinel-2,10,Japan,random CV/split,,random CV/split,overall accuracy of 98.23%,190_A CNN-RF Hybrid Approach for Rice Paddy Fields Mapping in Indramayu Using Sentinel-1 and Sentinel-2 Data,,,1,,,1,98.13,96.21,,,,1,
existing,rice,2025,10.3390/rs17122095,RNN/LSTM,,title,Attention/Transformer|RNN/LSTM|CNN/Deep Learning|Random Forest/SVM|Phenology/Threshold,82.85,85.7,,Sentinel-2,10,Japan,random CV/split,,random CV/split,OA of 85.7%,"191_Crop Classification Using Time-Series Sentinel-1 SAR Data A Comparison of LSTM, GRU, and TCN with Attention",,,1,,,1,81.1,,,,,,
existing,rice,2025,10.3390/rs17020209,Attention/Transformer,,abstract,Attention/Transformer|RNN/LSTM|CNN/Deep Learning|Random Forest/SVM|Phenology/Threshold,89.25,98.31,,Sentinel-2,10,China,random CV/split,,random CV/split,overall accuracy of 85%,"193_Tropical Rice Mapping Using Time-Series SAR Images and ESF-Seg Model in Hainan, China, from 2019 to 2023",,,1,,,1,87.29,,100,,,,
new,rice,2025,10.52436/1.jutif.2025.6.5.5179,Random Forest/SVM,,abstract,RNN/LSTM|CNN/Deep Learning|Random Forest/SVM|Phenology/Threshold,71,71,,Sentinel-2,10,China,random CV/split,,random CV/split,overall accuracy of 71%,15.+ID5179-Anisya-3153-3172,961,961 test pixels,1,,,1,,,,,,,
new,rice,2025,10.62527/joiv.9.5.3617,Random Forest/SVM,,abstract,RNN/LSTM|CNN/Deep Learning|Random Forest/SVM|Phenology/Threshold,78.5,78.5,,Sentinel-2,10,Indonesia,random CV/split,,random CV/split,overall accuracy of 78.5%,3617-12782-1-PB,,,1,,,1,100,87.1,,,,1,
new,rice,2025,10.1109/jstars.2025.3573750,CNN/Deep Learning,,abstract,CNN/Deep Learning|Random Forest/SVM|Object-Based|Phenology/Threshold,99,99,0.77,Sentinel-2,10,USA,random CV/split,,random CV/split,overall accuracies are over 99%,A_General_Model_for_Large-Scale_Paddy_Rice_Mapping_by_Combining_Biological_Characteristics_Deep_Learning_and_Multisource_Remote_Sensing_Data,,,1,,,1,,,,,,,
new,rice,2025,10.1109/jstars.2025.3599728,Phenology/Threshold,,title,CNN/Deep Learning|Random Forest/SVM|Phenology/Threshold,95.78,95.78,,Sentinel-2,10,China,ground/field reference,,ground/field reference,overall accuracies of 95.78%,Rice-SamPheno_Automated_Generation_of_Phenologically_Representative_Samples_for_Robust_Rice_Mapping_With_Sentinel-1_SAR_Time_Series,,,1,,,1,,,,,,,
new,rice,2025,10.33545/26174693.2025.v9.i5sc.4412,Unclassified,,none,,90.9,90.9,,Sentinel-2,10,India,ground/field reference,,ground/field reference,overall accuracy of 90.9%,S-9-5-45-829,,,1,,,0,,,,,,,
new,rice,2025,10.3390/rs17061033,Attention/Transformer,,abstract,Attention/Transformer|RNN/LSTM|CNN/Deep Learning|Random Forest/SVM|Object-Based|Phenology/Threshold,85,85,,Sentinel-2,10,China,random CV/split,,random CV/split,overall accuracy of 85%,remotesensing-17-01033-v2,,,1,,,1,,,,,,,
new,rice,2025,10.3390/rs17121999,Attention/Transformer,,abstract,Foundation Model|Attention/Transformer|RNN/LSTM|CNN/Deep Learning|Phenology/Threshold,98.33,98.33,0.9155,Sentinel-2,10,USA,random CV/split,,random CV/split,attains an OA of 98.33%,remotesensing-17-01999,468,total of 468 samples,1,,,1,99,93.68,100,,,1,
existing,rice,2026,10.1080/15481603.2026.2629148,Phenology/Threshold,,abstract,Attention/Transformer|RNN/LSTM|CNN/Deep Learning|Random Forest/SVM|Object-Based|Phenology/Threshold,87.35,99.19,,Sentinel-2,10,USA,random CV/split,,random CV/split,Overall Accuracy (OA) of 99.19%,196_GTGRI a Gaussian time-weighted growth rate index for multi-season paddy rice mapping in diverse climates with dense SAR ,509,509 ground-truth sample,1,,,1,86,86,,,,1,
existing,rice,2026,10.3390/geomatics6010020,Phenology/Threshold,,title,Foundation Model|Attention/Transformer|CNN/Deep Learning|Random Forest/SVM|Object-Based|Phenology/Threshold,97,97,,Sentinel-2,10,Senegal,ground/field reference,,ground/field reference,overall accuracy (OA) of 97%,197_Mapping Paddy Rice Using Segmentation Techniques and Phenological Metrics Derived from Sentinel-2 Time Series in Senegal,438,438 samples for validation,1,,,1,98,98,53,,,1,
existing,rice,2026,10.3390/s26020586,Transfer/Pre-trained,,body,Foundation Model|Attention/Transformer|RNN/LSTM|CNN/Deep Learning|Random Forest/SVM|Object-Based|Phenology/Threshold,92.88,94.2,0.91,Sentinel-2,10,China,random CV/split,,random CV/split,Overall Accuracy to 91.56%,199_Evaluating Multi-Temporal Sentinel-1 and Sentinel-2 Imagery for Crop Classification A Case Study in a Paddy Rice Growing,,,1,,Auto-label 'Foundation Model' corrected to 'Transfer/Pre-trained': manual audit found no self-supervised EO foundation model; transfer/pre-training study (Supplementary S4),1,,,30,,,,
new,rice,2026,10.1080/07038992.2026.2650851,CNN/Deep Learning,,body,CNN/Deep Learning|Random Forest/SVM|Object-Based|Phenology/Threshold,86.92,96,0.901,Sentinel-2,,Vietnam,ground/field reference,,ground/field reference,overall accuracy and Kappa coefficient of 90.1%,Mapping Rice Production Typology Using Sentinel-1 Time Series Similarity Analysis to Support Climate Resilient Agriculture in the Vietnamese Mekong De,,,1,,,1,,,,,92.9,,
downloaded,crop-classification,2019,10.3844/jcssp.2019.258.268,Object-Based,,abstract,Object-Based|Phenology/Threshold,91.3,91.3,,Sentinel-2,30,Indonesia,ground/field reference,,ground/field reference,overall accuracy of 91.30%,000de79a-fc5b-4ac8-9661-4088f80013bf,,,1,,,1,,,,,,,
downloaded,rice,2026,10.5194/essd-2025-711,Phenology/Threshold,,abstract,CNN/Deep Learning|Random Forest/SVM|Phenology/Threshold,83.74,83.74,,Sentinel-2,10,USA,random CV/split,,random CV/split,overall accuracies ranging from 83.74%,033cb1ae-b0ee-462e-9e52-eddfef6f3cf7,,,1,,,1,78.72,,,100,,,
downloaded,rice,2024,10.60151/envec/hyxu4637,Random Forest/SVM,,abstract,Random Forest/SVM|Phenology/Threshold,87.2,87.2,0.857,Sentinel-1,,India,ground/field reference,,ground/field reference,overall accuracy 87.2%,0d71a4d4-a1a4-42ac-b0b3-546984ff306a,,,1,,,1,,,,,,,
downloaded,rice,2016,10.1016/j.rse.2016.02.016,Phenology/Threshold,,abstract,Random Forest/SVM|Phenology/Threshold,98,98,,Sentinel-2,30,USA,random CV/split,,random CV/split,overall accuracy of 98%,1-s2.0-S003442571630044X-main,,,1,,,1,,,,,,,
downloaded,crop-classification,2026,10.1016/j.measurement.2025.118662,Random Forest/SVM,,abstract,Attention/Transformer|CNN/Deep Learning|Random Forest/SVM|Object-Based|Phenology/Threshold,90.1,95,0.866,Sentinel-2,100,Italy,random CV/split,,random CV/split,OA of 92.5 %,1-s2.0-S0263224125020214-main,,,1,,,1,,,,,,,
downloaded,crop-classification,2024,10.1016/j.isprsjprs.2024.05.020,Phenology/Threshold,,abstract,Foundation Model|Attention/Transformer|CNN/Deep Learning|Random Forest/SVM|Phenology/Threshold,89.1,89.1,,Sentinel-2,10,,ground/field reference,,ground/field reference,overall accuracy of 89.1%,1-s2.0-S0924271624002181-main,,,1,,,1,,,,,,,
downloaded,rice,2022,10.1016/j.ejrs.2021.12.008,Object-Based,,abstract,CNN/Deep Learning|Random Forest/SVM|Object-Based|Phenology/Threshold,94,94,0.94,Sentinel-2,,Iran,ground/field reference,,ground/field reference,overall accuracy and kappa coefﬁcient for the object-based classiﬁcation method were 94%,1-s2.0-S1110982321001101-main,,,1,,,1,,,,,,,
downloaded,crop-classification,,,Random Forest/SVM,,abstract,CNN/Deep Learning|Random Forest/SVM|Object-Based|Phenology/Threshold,91.23,91.23,0.8755,Sentinel-2,2,China,,,,OA was 91.23%,1-s2.0-S157495412200303X-main,,,1,,,1,,,,,,,
downloaded,crop-classification,2024,10.1016/j.geodrs.2024.e00785,Random Forest/SVM,,abstract,CNN/Deep Learning|Random Forest/SVM,50.3,50.3,0.47,Sentinel-2,0.3,Italy,random CV/split,,random CV/split,Overall Accuracy of 50.3%,1-s2.0-S2352009424000324-main,,,1,,,1,,,,,,,
downloaded,crop-classification,2025,10.1016/j.rsase.2025.101629,Random Forest/SVM,,abstract,Attention/Transformer|CNN/Deep Learning|Random Forest/SVM|Phenology/Threshold,91.23,98,,Sentinel-2,10,India,random CV/split,,random CV/split,OA of 95 %,1-s2.0-S235293852500182X-main,,,1,,,1,,,,,,,
downloaded,rice,2024,10.1016/j.srs.2024.100151,CNN/Deep Learning,,body,CNN/Deep Learning|Random Forest/SVM|Object-Based|Phenology/Threshold,93.8,93.8,0.91,Sentinel-2,10,USA,random CV/split,,random CV/split,OA of 93.8%,1-s2.0-S266601722400035X-main,,,1,,,1,,,,,,,
downloaded,rice,2011,10.1080/01431161.2010.532826,Phenology/Threshold,,abstract,Phenology/Threshold,94,94,0.93,Landsat,,Vietnam,random CV/split,,random CV/split,Overall accuracy: 94%,10.1080_01431161.2010.532826,,,1,,,0,,,53,,,,
downloaded,crop-classification,,,Random Forest/SVM,,abstract,Random Forest/SVM|Object-Based|Phenology/Threshold,90.8,90.8,0.94,Sentinel-1,10,China,random CV/split,,random CV/split,overall accuracy increased from 80.6%,10.1080_01431161.2017.1395969,,,0,"Duplicate record of 10.1080/01431161.2017.1395969 (DOI field blank, so DOI-level deduplication missed it)",,1,,,,,,,
downloaded,rice,2019,10.11591/ijece.v9i2.pp1346-1358,Phenology/Threshold,,abstract,Object-Based|Phenology/Threshold,85.4,85.43,,Landsat,250,China,ground/field reference,,ground/field reference,overall accuracy of 85.43%,10.11591_ijece.v9i2.pp1346-1358,,,1,,,1,,,,93.4,93.4,,
downloaded,rice,2022,10.11834/jrs.20211070,CNN/Deep Learning,,abstract,CNN/Deep Learning|Random Forest/SVM|Phenology/Threshold,95.23,95.23,,Sentinel-2,,China,ground/field reference,,ground/field reference,overall accuracy was 95.23%,10.11834_jrs.20211070,,,1,,,1,,,,,,,
downloaded,crop-classification,,10.1515/geo-2020-0298,Phenology/Threshold,,abstract,Phenology/Threshold,84.8,84.8,0.8,Landsat,,Thailand,ground/field reference,,ground/field reference,overall accuracy of kharif season (84.8%,10.1515_geo-2020-0298,,,1,,,0,,,,,,,
downloaded,rice,2025,10.5194/egusphere-2025-4613,Attention/Transformer,,body,Attention/Transformer|RNN/LSTM|CNN/Deep Learning|Phenology/Threshold,91,91.1,,Sentinel-2,10,China,ground/field reference,,ground/field reference,OA = 91.1%,10.5194_egusphere-2025-4613-v1,122,122 test site,1,,,1,,,,,,,
downloaded,crop-classification,,10.5194/isprsannals-ii-3-w5-1187-2015,Random Forest/SVM,,abstract,Random Forest/SVM|Phenology/Threshold,79,96.8,0.95,?,,,random CV/split,,random CV/split,overall accuracy of 96.8%,10.5194_isprsannals-ii-3-w5-187-2015,,,1,,,1,,,,,,,
downloaded,rice,2017,10.14710/geoplanning.4.2.187-200,Random Forest/SVM,,body,Random Forest/SVM|Phenology/Threshold,85,85,,Landsat,30,Indonesia,ground/field reference,,ground/field reference,overall accuracy of 85%,12798-72293-1-PB,6171,6171 pixels for validation,1,,,1,100,,,100,,,
downloaded,rice,2022,10.19044/esj.2022.v18n17p214,Random Forest/SVM,,abstract,CNN/Deep Learning|Random Forest/SVM|Phenology/Threshold,97.6,98,0.971,Sentinel-2,,France,ground/field reference,,ground/field reference,overall accuracy of 98%,15427-Article Text-44842-3-10-20220603,,,1,,,1,100,,,,,,
downloaded,crop-classification,,,Object-Based,,abstract,Object-Based|Phenology/Threshold,83.8,83.8,0.781,MODIS,8,China,ground/field reference,,ground/field reference,overall accuracy ranges from 83.8%,1571,,,1,,,1,,,,,,,
downloaded,rice,2023,10.46754/umtjur.v5i3.381,Phenology/Threshold,,abstract,Random Forest/SVM|Object-Based|Phenology/Threshold,98,98,0.92,Sentinel-2,10,Malaysia,random CV/split,,random CV/split,overall accuracy of 98%,2105,,,1,,,1,,,,,97.1,,
downloaded,crop-classification,2021,10.5194/isprs-archives-xliii-b3-2021-81-2021,Random Forest/SVM,,abstract,Random Forest/SVM|Phenology/Threshold,69.72,69.72,,Sentinel-2,,Portugal,ground/field reference,,ground/field reference,overall accuracy of 69.72%,2a6dce37-bbd5-4a20-a074-3e6ef9a92229,,,1,,,1,,,,,,,
downloaded,rice,2019,10.14943/doctoral.k13740,Transfer/Pre-trained,,body,Foundation Model|CNN/Deep Learning|Random Forest/SVM|Object-Based|Phenology/Threshold,80.7,80.7,,Sentinel-2,,Vietnam,random CV/split,,random CV/split,overall accuracy of the classification was 80.7%,2d15fed0-b227-4518-910d-3cc2344e9e6e,140,140 ground-truth points,1,,Auto-label 'Foundation Model' corrected to 'Transfer/Pre-trained': manual audit found no self-supervised EO foundation model; transfer/pre-training study (Supplementary S4),1,100,,87,,,,
downloaded,crop-classification,2024,10.15243/jdmlm.2024.113.5997,Phenology/Threshold,,abstract,Phenology/Threshold,87.38,87.38,,Sentinel-2,10,,ground/field reference,,ground/field reference,overall accuracy of 87.38%,"31,+5997-6007,+16472,+YASIN+et+al-new",840,840 ground truth points,1,,,0,,,,,,,
downloaded,rice,2024,10.1016/j.eswa.2024.124771,CNN/Deep Learning,,body,CNN/Deep Learning|Random Forest/SVM|Object-Based,79,93.8,0.93,?,,China,random CV/split,,random CV/split,overall accuracy between 93.8 %,33436ffa-516b-4a24-88ba-5a5e27e0c1b9,,,0,"UAV hyperspectral barnyard-grass (weed) identification, not satellite paddy-extent classification; same criterion as 10.1080/01431161.2019.1706112",,1,94.19999999999999,94.2,,,,1,
downloaded,crop-classification,,,Phenology/Threshold,,body,Phenology/Threshold,82.2,82.2,,Landsat,30,Japan,ground/field reference,,ground/field reference,overall accuracy is 82.2%,3b7e5031-80f7-4978-8247-716a6769315c,,,1,,,0,,,,,,,
downloaded,rice,2009,10.1117/1.3182847,,,none,,84.4,84.4,,Landsat,,India,ground/field reference,,ground/field reference,overall accuracy of 84.4%,4052d7fc-63ce-424c-932b-efa8856bd7d8,,,1,,,0,,,,,,,
downloaded,rice,2020,10.22146/ijg.43617,Phenology/Threshold,,abstract,Phenology/Threshold,85,85,,Landsat,30,Indonesia,ground/field reference,,ground/field reference,overall accuracy (85%,43617-165017-3-PB,,,1,,,0,,,,,,,
downloaded,crop-classification,2019,10.5194/isprs-archives-xlii-3-w6-585-2019,Random Forest/SVM,,abstract,CNN/Deep Learning|Random Forest/SVM|Object-Based|Phenology/Threshold,94.7,96.7,,Sentinel-2,,,random CV/split,,random CV/split,overall accuracy (96.70%,4438d717-9a9d-40b9-9871-d6bca2b1767f,5169,5169 test samples,1,,,1,,,,,,,
downloaded,crop-classification,,,Random Forest/SVM,,abstract,CNN/Deep Learning|Random Forest/SVM|Object-Based|Phenology/Threshold,78.65,82.3,0.76,Sentinel-1,15,Indonesia,ground/field reference,,ground/field reference,overall accuracy below 75%,45-Article Text-2078-1-10-20220104,,,1,,,1,,,,,,,
downloaded,rice,2024,10.15576/asp.fc/191716,Random Forest/SVM,,abstract,CNN/Deep Learning|Random Forest/SVM|Object-Based|Phenology/Threshold,90,90,,Sentinel-2,,India,random CV/split,,random CV/split,overall accuracy of 90%,47e0f90f-ef99-4856-ac40-eb4f919ea548,,,1,,,1,,,,,,,
downloaded,crop-classification,,,Phenology/Threshold,,abstract,Random Forest/SVM|Phenology/Threshold,80.3,80.3,0.76,MODIS,,Vietnam,random CV/split,,random CV/split,overall accuracy of 80.3%,56597c41-42a9-4a16-81a3-8dab3772d023,,,1,,,1,,,,88.7,80.5,,
downloaded,rice,2019,10.5194/isprs-archives-xlii-4-w18-897-2019,Random Forest/SVM,,abstract,Random Forest/SVM|Phenology/Threshold,91.37,91.37,0.82,Sentinel-1,,Iran,random CV/split,,random CV/split,overall accuracy of 91.37%,65200e1d-6a76-46ec-b75e-566790c4521b,,,1,,,1,,,,,,,
downloaded,rice,2024,10.33545/2618060x.2024.v7.i10b.1701,Phenology/Threshold,,abstract,Random Forest/SVM|Phenology/Threshold,85.66,85.66,0.815,Sentinel-2,,China,random CV/split,,random CV/split,overall accuracy of 85.66%,7-9-139-256,856,856 ground truth points,1,,,1,,,,94.16,,,
downloaded,crop-classification,2015,10.5194/isprsarchives-xl-7-w3-503-2015,Phenology/Threshold,,body,Phenology/Threshold,59,59,,Landsat,,,random CV/split,,random CV/split,overall accuracies were 59%,84af41da-17d3-47e6-a38c-d3cf56059fdd,2000,2000 reference samples,1,,,0,,,,,,,
downloaded,crop-classification,2025,10.7494/geom.2025.19.6.41,Random Forest/SVM,,abstract,CNN/Deep Learning|Random Forest/SVM|Phenology/Threshold,88.56,88.56,0.873,Sentinel-2,,Indonesia,random CV/split,,random CV/split,overall accuracy of 88.56%,898-Article Text-7195-1-10-20251201,,,1,,,1,100,88.56,86.46,,,1,
downloaded,crop-classification,,,Transfer/Pre-trained,,body,Foundation Model|Attention/Transformer|CNN/Deep Learning|Random Forest/SVM|Object-Based,87.1,87.1,,Sentinel-2,10,Japan,random CV/split,,random CV/split,overall accuracy increasing from 71.1%,CV_250620001,,,1,,,1,,62.7,,,,1,
downloaded,rice,2025,10.1109/jstars.2025.3552589,Phenology/Threshold,,abstract,CNN/Deep Learning|Random Forest/SVM|Object-Based|Phenology/Threshold,93.68,93.97,0.9327,Sentinel-2,5,China,random CV/split,,random CV/split,OA of 93.97%,Classification_of_Paddy_Rice_Planting_Area_Through_Feature_Selection_Method_Using_Sentinel-1_2_Time_Series_Images,,,1,,,1,84.66,,,,,,
downloaded,rice,2020,10.1109/jstars.2020.2994335,Random Forest/SVM,,abstract,RNN/LSTM|CNN/Deep Learning|Random Forest/SVM|Object-Based|Phenology/Threshold,88.2,95,0.903,Sentinel-2,250,China,random CV/split,,random CV/split,overall accuracy (90.3%,Classification_of_Paddy_Rice_Using_a_Stacked_Generalization_Approach_and_the_Spectral_Mixture_Method_Based_on_MODIS_Time_Series,,,1,,,1,,,,,,,
downloaded,rice,2021,10.1080/01431161.2021.1921876,Phenology/Threshold,,abstract,Random Forest/SVM|Object-Based|Phenology/Threshold,89.07,91.17,,Sentinel-1,,India,ground/field reference,,ground/field reference,overall accuracy using MF3CF is 91.17 %,Dey_etal_2021_IntJRemoteSensing_preprint,,,1,,,1,,,47,,,,
downloaded,crop-classification,2022,10.1109/jstars.2022.3215589,Random Forest/SVM,,abstract,Random Forest/SVM|Object-Based|Phenology/Threshold,85.72,85.72,,Sentinel-2,10,USA,random CV/split,,random CV/split,overall accuracy (OA) of 85.72%,Early-Season_Mapping_of_Winter_Wheat_and_Garlic_in_Huaihe_Basin_Using_Sentinel-1_2_and_Landsat-7_8_Imagery,,,1,,,1,,,53,,,,
downloaded,crop-classification,2003,10.1080/01431161.2012.748992,Random Forest/SVM,,body,Random Forest/SVM|Object-Based|Phenology/Threshold,66.2,66.2,,Landsat,30,USA,random CV/split,,random CV/split,OA of 66.2%,Finer resolution observation and monitoring of global land cover  first mapping results with Landsat TM and ETM  data,38664,"38,664 test samples",1,,,1,,,82,,,,
downloaded,rice,2021,10.1080/15481603.2020.1853352,Phenology/Threshold,,title,Random Forest/SVM|Phenology/Threshold,78.8,78.8,0.512,Sentinel-2,90,Korea,random CV/split,,random CV/split,overall accuracy for detected paddy fields was 78.8%,Mapping rice area and yield in northeastern asia by incorporating a crop model with dense vegetation index profiles from a geostationary satellite,,,1,,,1,,,,,,,
downloaded,rice,2024,10.1007/s10333-024-00974-w,Phenology/Threshold,,abstract,Random Forest/SVM|Phenology/Threshold,78.5,78.5,0.78,Sentinel-2,10,Korea,random CV/split,,random CV/split,"Overall accuracy (po) = (18,562 + 18,241)/46,906 × 100 = 78.5%",OA_10.1007_s10333-024-00974-w,,,1,,,1,,,,,,,
downloaded,rice,2016,10.11834/jrs.20165008,CNN/Deep Learning,,abstract,CNN/Deep Learning|Random Forest/SVM|Phenology/Threshold,92,92,,Landsat,,,,,,overall accuracy is better than 92.0%,OA_10.11834_jrs.20165008,,,1,,,1,,,,,,,
downloaded,rice,2023,10.5194/isprs-annals-x-4-w1-2022-509-2023,Phenology/Threshold,,abstract,Random Forest/SVM|Phenology/Threshold,83.63,83.6364,0.8108,Landsat,15,Iran,,,,overall accuracy of 83.6364%,OA_10.5194_isprs-annals-x-4-w1-2022-509-2023,,,1,,,1,,,,,,,
downloaded,rice,2024,10.1109/jstars.2024.3357141,Object-Based,,title,CNN/Deep Learning|Random Forest/SVM|Object-Based|Phenology/Threshold,94.28,94.28,,Sentinel-2,10,USA,ground/field reference,,ground/field reference,overall accuracy of 94.28%,Optimizing_Rice_Field_Mapping_in_the_Northern_Region_of_China_An_Asynchronous_Flooding_Signal_and_Object-Based_Method,,,1,,,1,,,,,,,
downloaded,crop-classification,,,Random Forest/SVM,,abstract,Random Forest/SVM|Phenology/Threshold,87.06,87.06,0.83,Sentinel-1,2,China,ground/field reference,,ground/field reference,overall accuracy for all classes was 87.06%,Paddy_rice_field_mapping_using_GF-1_images_with_SVM_method,,,1,,,1,,,,90.1,64,,
downloaded,crop-classification,2018,10.20546/ijcmas.2018.705.350,,,none,,87.6,87.6,0.75,Landsat,,India,ground/field reference,,ground/field reference,overall accuracy as 87.60%,"S. Nema, et al",,,1,,,0,,,,,,,
downloaded,rice,2018,10.4308/hjb.25.3.126,Phenology/Threshold,,abstract,Phenology/Threshold,77.27,77.27,,Landsat,,Japan,ground/field reference,,ground/field reference,overall accuracy for classification results was 77.27%,"adminhayati,+(3)+Nurtyawan+R+(126-137)",,,1,,,0,,,,,,,
downloaded,crop-classification,2022,10.3390/agriculture13010098,Random Forest/SVM,,abstract,CNN/Deep Learning|Random Forest/SVM|Object-Based|Phenology/Threshold,85.1,89.8,0.87,Sentinel-2,250,Nigeria,random CV/split,,random CV/split,Overall accuracy = 84.2%,agriculture-13-00098-v2,,,1,,,1,,,,,55,,
downloaded,rice,2023,10.3390/agriculture13081509,CNN/Deep Learning,,body,CNN/Deep Learning|Random Forest/SVM|Object-Based|Phenology/Threshold,89,92,,Sentinel-1,10,India,random CV/split,,random CV/split,overall accuracies for all the outputs ranged between 86%,agriculture-13-01509-v3,,,1,,,1,,,,,,,
downloaded,rice,2024,10.3390/agriculture14030496,Object-Based,,body,Object-Based|Phenology/Threshold,88.5,88.5,0.93,Sentinel-2,3,India,ground/field reference,,ground/field reference,overall accuracy ranging from 88.5%,agriculture-14-00496,200,200 validation points,0,"Methane-emission spatial analysis from LST/agronomic flooding, not paddy-extent classification",,1,,,,,,,
downloaded,rice,2024,10.3390/agriculture14111956,Random Forest/SVM,,body,Random Forest/SVM|Object-Based|Phenology/Threshold,84.3,84.3,0.761,Sentinel-2,500,China,random CV/split,,random CV/split,overall accuracy varied between 84.3%,agriculture-14-01956-v2,,,1,,,1,,,59,,,,
downloaded,rice,2025,10.3390/agriculture15171832,Random Forest/SVM,,abstract,CNN/Deep Learning|Random Forest/SVM|Object-Based|Phenology/Threshold,93.15,97,,Sentinel-2,,Spain,random CV/split,,random CV/split,overall accuracy of 80%,agriculture-15-01832-v2,,,1,,,1,75,,,,,,
downloaded,rice,2025,10.3390/agriengineering7070205,CNN/Deep Learning,,abstract,Foundation Model|Attention/Transformer|CNN/Deep Learning|Random Forest/SVM|Phenology/Threshold,94.44,99.91,,SPOT,,India,,,,"overall accuracy, precision, recall, and F1 score of 87.78%",agriengineering-07-00205-v2,,,0,"Classification of paddy diseases, not paddy-extent mapping",,1,,,,,,,
downloaded,rice,2023,10.3390/agronomy13112691,CNN/Deep Learning,,body,CNN/Deep Learning|Phenology/Threshold,86.53,86.53,0.78,Sentinel-2,10,China,random CV/split,,random CV/split,overall accuracy of 86.53%,agronomy-13-02691,52,n = 52) was compared to the validation,1,,,1,,,,,,,
downloaded,crop-classification,2021,10.3390/app112110309,Random Forest/SVM,,abstract,RNN/LSTM|CNN/Deep Learning|Random Forest/SVM|Object-Based|Phenology/Threshold,88.75,88.75,,Sentinel-2,10,China,random CV/split,,random CV/split,OA = 88.75%,applsci-11-10309,,,1,,,1,,,,,,,
downloaded,rice,2024,10.3390/app14062575,CNN/Deep Learning,,abstract,Attention/Transformer|CNN/Deep Learning|Random Forest/SVM|Phenology/Threshold,93.7,93.7,,?,,China,random CV/split,,random CV/split,overall accuracy of 93.7%,applsci-14-02575,,,0,"Near-ground image processing of rice-seedling planting condition (YOLOv8n), not satellite extent mapping",,1,,,,,,,
downloaded,rice,2020,10.1080/01431161.2020.1841321,Phenology/Threshold,,body,Phenology/Threshold,85.8,94.7,,Sentinel-1,30,China,random CV/split,,random CV/split,overall accuracy ranging from 71.83%,cao2020,,,1,,,0,,,,,,,
downloaded,rice,2024,10.51470/plantarchives.2025.v25.supplement-1.242,Random Forest/SVM,,body,Random Forest/SVM|Phenology/Threshold,91.1,94.44,0.91,Sentinel-2,,India,ground/field reference,,ground/field reference,overall accuracy of 94.44%,dbe972b4-5c34-4f25-bad6-4ba2b8de4a49,,,1,,,1,,,,,,,
downloaded,rice,2022,10.1016/j.rse.2022.113374,Phenology/Threshold,,abstract,RNN/LSTM|CNN/Deep Learning|Random Forest/SVM|Object-Based|Phenology/Threshold,88,88,,Sentinel-2,10,China,ground/field reference,,ground/field reference,overall accuracy of over 88%,df74b220-4fd8-4fce-ae9b-007d8429428c,,,1,,,1,100,,,,,,
downloaded,rice,2022,10.24114/jg.v14i1.29036,Phenology/Threshold,,abstract,CNN/Deep Learning|Phenology/Threshold,86,86,,Sentinel-1,6,Indonesia,random CV/split,,random CV/split,overall accuracy which higher than 86%,"dosen,+07.+Nirmawana+Simarmata",,,1,,,1,,,,,,,
downloaded,crop-classification,,10.5281/zenodo.18168302,Transfer/Pre-trained,,body,Foundation Model|Attention/Transformer|RNN/LSTM|CNN/Deep Learning|Random Forest/SVM|Phenology/Threshold,90.49,92.33,,Sentinel-2,10,China,ground/field reference,Sample-based validation against ground-truth samples (independent global test set); not spatially blocked.,spatial/independent,overall accuracy of 92.33%,essd-2026-24,164000,"164,000 reference samples",1,,Auto-label 'Foundation Model' corrected to 'Transfer/Pre-trained': manual audit found no self-supervised EO foundation model; transfer/pre-training study (Supplementary S4),1,92.32,,,,,,
downloaded,rice,2016,10.1016/j.jag.2015.11.001,Phenology/Threshold,,abstract,Random Forest/SVM|Phenology/Threshold,95,95,0.95,Landsat,30,USA,ground/field reference,,ground/field reference,overall accuracy and Kappa coefficient were 95%,f236c445-a67f-4275-a818-6e6fc467b169,,,1,,,1,,,,,,,
downloaded,rice,2021,10.1016/j.isprsjprs.2021.06.018,Random Forest/SVM,,abstract,RNN/LSTM|CNN/Deep Learning|Random Forest/SVM|Object-Based|Phenology/Threshold,98.68,98.68,,Sentinel-2,10,USA,ground/field reference,,ground/field reference,OA: 98.68%,f358a8be-773e-49d8-9fdb-259f430a253a,,,1,,,1,,,,,,,
downloaded,crop-classification,,,Phenology/Threshold,,abstract,Phenology/Threshold,88.8,88.8,,Landsat,75,Vietnam,ground/field reference,,ground/field reference,Overall accuracies) of 88.8%,f4d953d9-3031-4210-858d-542632a8e3ee,,,1,,,0,,,,,,,
downloaded,rice,2023,10.5194/essd-15-3203-2023,CNN/Deep Learning,,body,CNN/Deep Learning|Random Forest/SVM|Object-Based|Phenology/Threshold,73.08,73.08,,Sentinel-2,10,USA,random CV/split,,random CV/split,overall accuracy values over all investigated provincial administrative regions were 73.08 %,f81fc2a7-2e8a-4823-af3c-4ea7eeed06aa,,,1,,,1,,,,,,,
downloaded,rice,2025,10.5194/essd-17-2193-2025,CNN/Deep Learning,,body,CNN/Deep Learning|Random Forest/SVM|Object-Based|Phenology/Threshold,89,89.61,,Sentinel-2,10,China,random CV/split,,random CV/split,overall accuracy for rice averaged 88.40 %,f9720a04-9c52-446f-b622-45cb759fe9ce,394753,394 753 validation samples,1,,,1,,,,,,,
downloaded,rice,2018,10.1016/j.asr.2018.09.018,Object-Based,,abstract,Random Forest/SVM|Object-Based|Phenology/Threshold,92.38,95,0.85,Sentinel-2,15,China,random CV/split,,random CV/split,overall accuracy of 92.38%,fe7b4ce4-a174-4018-98bf-b85957cc8b52,,,1,,,1,,,,,,,
downloaded,rice,2023,10.3389/feart.2023.1183834,Random Forest/SVM,,abstract,Random Forest/SVM|Object-Based|Phenology/Threshold,91.5,93,0.7627,Sentinel-2,10,India,random CV/split,,random CV/split,overall accuracy (OA) greater than 90%,feart-11-1183834,500,500 validation points,1,,,1,,,,,,,
downloaded,crop-classification,2025,10.3390/geomatics5030029,Random Forest/SVM,,abstract,CNN/Deep Learning|Random Forest/SVM|Phenology/Threshold,87.25,96.25,0.97,Sentinel-2,,USA,random CV/split,,random CV/split,overall accuracy of 92%,geomatics-05-00029,,,1,,,1,50,,,,,,
downloaded,rice,2019,10.1080/01431161.2018.1547456,Phenology/Threshold,,abstract,Phenology/Threshold,83,83,0.7007,Landsat,500,India,,,,overall accuracy of 83%,gumma2019,198,198 points were used for accuracy assessment,1,,,0,,,,,,,
downloaded,crop-classification,2020,10.1080/01431161.2019.1706112,CNN/Deep Learning,,abstract,Foundation Model|CNN/Deep Learning|Random Forest/SVM|Object-Based|Phenology/Threshold,77.5,77.5,0.71,?,,China,random CV/split,,random CV/split,overall accuracy were 77.5%,huang2020,,,0,"Weed mapping from UAV imagery, not satellite crop-extent classification",,1,,,,,,,
downloaded,rice,2022,10.3390/ijerph19052567,RNN/LSTM,,abstract,Foundation Model|RNN/LSTM|CNN/Deep Learning|Random Forest/SVM|Phenology/Threshold,91.84,92.46,0.87,Sentinel-2,30,China,,,,Overall Accuracy 92.46%,ijerph-19-02567,,,0,"Heavy-metal stress detection in rice (biophysical retrieval), not paddy-extent mapping (dasun M2)",,1,,,,,,,
downloaded,rice,2014,10.3390/ijgi3010110,CNN/Deep Learning,,body,CNN/Deep Learning|Phenology/Threshold,71.11,71.11,,Landsat,,Japan,ground/field reference,,ground/field reference,Overall accuracy = 71.11%,ijgi-03-00110,450,450 reference samples,1,,,1,,,,,,,
downloaded,rice,2018,10.3390/ijgi7110418,Transfer/Pre-trained,,abstract,Foundation Model|CNN/Deep Learning|Random Forest/SVM|Object-Based|Phenology/Threshold,93.6,93.6,,Sentinel-2,30,China,ground/field reference,,ground/field reference,overall accuracies being 93.60%,ijgi-07-00418,10000,"10,000 testing samples",1,,Auto-label 'Foundation Model' corrected to 'Transfer/Pre-trained': manual audit found no self-supervised EO foundation model; transfer/pre-training study (Supplementary S4),1,,,,,,,
downloaded,crop-classification,2018,10.5194/isprs-archives-xlii-4-201-2018,,,none,,91,91,,?,4,Portugal,random CV/split,,random CV/split,overall accuracy (91%,isprs-archives-XLII-4-201-2018,,,1,,,0,,,,,,,
downloaded,crop-classification,,,Random Forest/SVM,,abstract,Random Forest/SVM,94.92,99.36,0.9911,Sentinel-2,,India,ground/field reference,,ground/field reference,overall accuracy of 99.36%,isprs-archives-XLVIII-4-2024-263-2024,,,1,,,0,,,,,,,
downloaded,crop-classification,,,,,none,,94,94,,Landsat,,,random CV/split,,random CV/split,overall accuracy was ~94%,isprsannals-II-3-W5-219-2015,,,1,,,0,,,,,,,
downloaded,rice,2015,10.5194/isprsarchives-xl-7-w3-121-2015,Phenology/Threshold,,abstract,CNN/Deep Learning|Phenology/Threshold,76.95,77.43,0.55,MODIS,250,Thailand,ground/field reference,,ground/field reference,Overall accuracy of NDVI-based rice paddy area mapping is 77.43%,isprsarchives-XL-7-W3-121-2015,,,1,,,1,,,,,,,
downloaded,crop-classification,2016,10.1080/10106049.2016.1206628,CNN/Deep Learning,,body,CNN/Deep Learning|Object-Based|Phenology/Threshold,90.28,90.28,0.87,Landsat,,Iran,ground/field reference,,ground/field reference,overall accuracy ≥ 85%,jabbarianamiri2016,,,1,,,1,,,,,,,
downloaded,rice,2024,10.1371/journal.pone.0309982,Random Forest/SVM,,abstract,RNN/LSTM|CNN/Deep Learning|Random Forest/SVM|Phenology/Threshold,75,75,,Sentinel-2,10,USA,random CV/split,,random CV/split,overall accuracy of 75%,journal.pone.0309982,,,0,"Rice yield estimation, not paddy-extent mapping",,1,,,,,,,
downloaded,rice,2005,10.1080/01431160500104335,Phenology/Threshold,,abstract,Phenology/Threshold,89,89,,Landsat,30,Thailand,ground/field reference,,ground/field reference,overall accuracy is higher than 89%,kamthonkiat2005,,,1,,,0,,,,,,,
downloaded,crop-classification,2023,10.3390/land12091680,Random Forest/SVM,,abstract,CNN/Deep Learning|Random Forest/SVM|Phenology/Threshold,81,81,,Sentinel-2,25,Italy,random CV/split,,random CV/split,overall accuracy of 81%,land-12-01680,,,0,"Digital mapping of soil-salinity levels, not crop-type classification",,1,,,,,,,
downloaded,rice,2023,10.1016/j.jenvman.2023.119615,Random Forest/SVM,,abstract,CNN/Deep Learning|Random Forest/SVM|Object-Based|Phenology/Threshold,81.45,87.9,,Sentinel-2,10,USA,random CV/split,,random CV/split,overall accuracy 75%,main (3),1321,n = 1321) for validation,1,,,1,,,,,,,
downloaded,rice,2017,10.1080/2150704x.2017.1331472,CNN/Deep Learning,,abstract,CNN/Deep Learning|Phenology/Threshold,88.3,88.3,0.85,Sentinel-1,5,China,,,,Overall Accuracy: 88.3 %,mansaray2017,,,1,,,1,,,,,,,
downloaded,crop-classification,2024,10.5194/piahs-385-443-2024,Random Forest/SVM,,body,Random Forest/SVM|Phenology/Threshold,91.5,91.9,,Sentinel-2,,Spain,ground/field reference,,ground/field reference,Overall Accuracy (OA) = 91.5 %,piahs-385-443-2024,,,1,,,1,,,,,,,
downloaded,rice,2020,10.3390/plants9050559,CNN/Deep Learning,,body,CNN/Deep Learning|Random Forest/SVM|Phenology/Threshold,76.62,76.62,,?,,Iran,random CV/split,,random CV/split,overall accuracy of 76.62%,plants-09-00559-v2,,,0,"Ground-based stereo computer-vision weed classification, not satellite paddy mapping (dasun M2)",,1,,,,,,,
downloaded,rice,2015,10.3390/rs70403467,Phenology/Threshold,,abstract,Random Forest/SVM|Phenology/Threshold,93.4,93.4,0.9168,Landsat,5,China,random CV/split,,random CV/split,overall accuracy of 93.40%,remotesensing-07-03467,,,1,,,1,,,69.03,,,,
downloaded,crop-classification,2015,10.3390/rs71215804,Object-Based,,body,Object-Based|Phenology/Threshold,74.8,83.5,,Landsat,30,,random CV/split,,random CV/split,overall accuracy of the Globcover-2009 was reported as 70.7%,remotesensing-07-15804,,,0,"Spatial accuracy assessment of existing global land-cover products, not an original satellite mapping of paddy rice or crops; recorded OA is a GLC product's reported accuracy (Globcover-2009)",,1,,,,,,,
downloaded,rice,2015,10.3390/rs71215808,Phenology/Threshold,,abstract,Phenology/Threshold,85.3,85.3,0.74,Sentinel-1,150,Vietnam,ground/field reference,,ground/field reference,overall accuracy of 85.3%,remotesensing-07-15808,,,1,,,0,,,,,80.3,,
downloaded,rice,2016,10.3390/rs8010019,Phenology/Threshold,,abstract,Random Forest/SVM|Phenology/Threshold,74.9,74.9,,Landsat,250,USA,ground/field reference,,ground/field reference,overall accuracy is 74.9%,remotesensing-08-00019-v2,,,1,,,1,,,,,,,
downloaded,crop-classification,2016,10.3390/rs8040320,Random Forest/SVM,,body,Random Forest/SVM|Object-Based|Phenology/Threshold,70.42,76.82,0.63,MODIS,25,Korea,ground/field reference,,ground/field reference,Overall accuracy: 70.42%,remotesensing-08-00320-v2,906,906 reference pixels,1,,,1,,,,,,,
downloaded,crop-classification,2016,10.3390/rs8080684,Random Forest/SVM,,abstract,Random Forest/SVM|Phenology/Threshold,87.5,89,,Sentinel-2,30,China,ground/field reference,,ground/field reference,overall accuracy reaches at least 86%,remotesensing-08-00684,,,1,,,1,,,,,,,
downloaded,rice,2018,10.3390/rs10081200,Random Forest/SVM,,abstract,CNN/Deep Learning|Random Forest/SVM|Object-Based|Phenology/Threshold,90,90,,Sentinel-2,5,USA,random CV/split,,random CV/split,overall accuracy was approximately 90%,remotesensing-10-01200-v2,,,1,,"F1 and OA snippet duplicated from 10.3390/rs10111840 (a different study); F1 cleared, OA flagged unverified pending re-extraction",1,,,48,96.22,,,1
downloaded,crop-classification,2018,10.3390/rs10111675,CNN/Deep Learning,,body,CNN/Deep Learning|Random Forest/SVM|Object-Based|Phenology/Threshold,82,95,0.687,Sentinel-1,3.3,USA,random CV/split,,random CV/split,overall accuracy of 82%,remotesensing-10-01675-v2,,,1,,,1,,,,,,,
downloaded,rice,2018,10.3390/rs11010035,Phenology/Threshold,,abstract,Object-Based|Phenology/Threshold,84.41,88.83,0.75,Sentinel-2,30,China,random CV/split,,random CV/split,overall accuracy > 80%,remotesensing-11-00035,2015,2015 Validation Samples,1,,,1,,,,,88.14,,
downloaded,crop-classification,2019,10.3390/rs11020185,Random Forest/SVM,,abstract,Foundation Model|Random Forest/SVM|Object-Based|Phenology/Threshold,89.6,89.6,,SPOT,1,USA,,Auto label spatial/independent was a false positive: only mention of spatial cross-validation is a reference-list citation to the sperrorest package.,spatial/independent,overall accuracy of KF and MC at 89.6%,remotesensing-11-00185,,,1,,,1,,,,,,,
downloaded,rice,2019,10.3390/rs11101235,Phenology/Threshold,,abstract,Object-Based|Phenology/Threshold,91,91,0.83,Sentinel-2,30,USA,random CV/split,,random CV/split,overall accuracy of 91%,remotesensing-11-01235,,,1,,,1,,,,,,,
downloaded,rice,2020,10.3390/rs12203400,Phenology/Threshold,,abstract,Random Forest/SVM|Phenology/Threshold,75.8,80.6,0.65,Sentinel-2,10,China,random CV/split,,random CV/split,overall accuracy of 80.6%,remotesensing-12-03400-v2,,,1,,,1,,,,,,,
downloaded,rice,2021,10.3390/rs13224666,Object-Based,,abstract,CNN/Deep Learning|Random Forest/SVM|Object-Based|Phenology/Threshold,86.42,91.77,,Sentinel-2,0.5,China,ground/field reference,,ground/field reference,overall accuracy of 91.77%,remotesensing-13-04666,,,1,,,1,,,,,,,
downloaded,rice,2022,10.3390/rs14081823,Phenology/Threshold,,abstract,CNN/Deep Learning|Random Forest/SVM|Object-Based|Phenology/Threshold,89.9,89.9,,Sentinel-2,10,China,random CV/split,,random CV/split,overall accuracy of 89.90%,remotesensing-14-01823,,,1,,,1,,,,,,,
downloaded,rice,2022,10.3390/rs14081875,Phenology/Threshold,,abstract,CNN/Deep Learning|Random Forest/SVM|Object-Based|Phenology/Threshold,95.95,95.95,0.92,Sentinel-2,10,Indonesia,random CV/split,,random CV/split,overall accuracy of 95.95%,remotesensing-14-01875-v2,,,1,,,1,,,,,98.9,,
downloaded,rice,2022,10.3390/rs14225727,Random Forest/SVM,,abstract,CNN/Deep Learning|Random Forest/SVM|Object-Based|Phenology/Threshold,92.7,92.7,0.92,Sentinel-2,10,China,random CV/split,,random CV/split,overall accuracy of 92.7%,remotesensing-14-05727,,,1,,,1,100,,85,,,,
downloaded,rice,2023,10.3390/rs15041034,Phenology/Threshold,,abstract,CNN/Deep Learning|Random Forest/SVM|Object-Based|Phenology/Threshold,86.39,93,,Sentinel-2,16,USA,random CV/split,,random CV/split,overall accuracy greater than 93%,remotesensing-15-01034,,,1,,,1,,,,,,,
downloaded,rice,2023,10.3390/rs15112785,Random Forest/SVM,,abstract,Foundation Model|CNN/Deep Learning|Random Forest/SVM|Object-Based|Phenology/Threshold,94.8,95.4,0.878,Sentinel-2,10,China,,,,overall accuracy is more than 95%,remotesensing-15-02785,,,1,,,1,91.3,91.3,,,,1,
downloaded,rice,2023,10.3390/rs15112794,Random Forest/SVM,,abstract,CNN/Deep Learning|Random Forest/SVM|Object-Based|Phenology/Threshold,92.85,95.44,,Sentinel-2,10,China,ground/field reference,,ground/field reference,Overall accuracy = 95.44%,remotesensing-15-02794-v2,,,1,,,1,100,,,,100,,
downloaded,rice,2023,10.3390/rs15164055,Phenology/Threshold,,abstract,CNN/Deep Learning|Random Forest/SVM|Object-Based|Phenology/Threshold,94,94,,Sentinel-2,0.54,China,random CV/split,,random CV/split,overall accuracy exceeded 85%,remotesensing-15-04055,,,1,,,1,88,,,,,,
downloaded,rice,2024,10.3390/rs16030440,Random Forest/SVM,,abstract,CNN/Deep Learning|Random Forest/SVM|Object-Based|Phenology/Threshold,93.18,93.18,0.81,Sentinel-2,10,China,random CV/split,,random CV/split,overall accuracies of 90.67%,remotesensing-16-00440,,,1,,,1,,,54,,,,
downloaded,rice,2024,10.3390/rs16071305,Random Forest/SVM,,abstract,Random Forest/SVM|Phenology/Threshold,98.38,98.38,,Sentinel-2,0.75,China,ground/field reference,,ground/field reference,overall accuracy was greater than 85%,remotesensing-16-01305,400,400 validation samples,1,,,1,,,54,,,,
downloaded,crop-classification,2024,10.3390/rs16142653,Random Forest/SVM,,abstract,Attention/Transformer|CNN/Deep Learning|Random Forest/SVM|Phenology/Threshold,87.5,90,,Sentinel-2,,,random CV/split,,random CV/split,OA of 90%,remotesensing-16-02653,,,1,,,1,100,,,,,,
downloaded,rice,2024,10.3390/rs16173180,CNN/Deep Learning,,body,CNN/Deep Learning|Random Forest/SVM|Object-Based|Phenology/Threshold,84.58,84.72,,Sentinel-2,10,USA,ground/field reference,,ground/field reference,overall accuracy over all investigated states and union territories was 84.72%,remotesensing-16-03180,,,1,,,1,,,,,,,
downloaded,crop-classification,2024,10.3390/rs16173197,Random Forest/SVM,,abstract,CNN/Deep Learning|Random Forest/SVM|Object-Based|Phenology/Threshold,81,85.42,,Sentinel-2,,China,ground/field reference,,ground/field reference,Overall Accuracy) over 81%,remotesensing-16-03197,,,1,,,1,100,78.5,52,,,1,
downloaded,rice,2024,10.3390/rs16193657,CNN/Deep Learning,,body,CNN/Deep Learning|Random Forest/SVM|Phenology/Threshold,94,99,,Sentinel-2,3,Nigeria,ground/field reference,,ground/field reference,overall accuracy of between 93%,remotesensing-16-03657,,,1,,,1,97,,,,,,
downloaded,rice,2024,10.3390/rs17010039,CNN/Deep Learning,,abstract,CNN/Deep Learning|Random Forest/SVM|Object-Based|Phenology/Threshold,95.44,98.88,,Sentinel-2,30,China,ground/field reference,,ground/field reference,overall accuracy of 92%,remotesensing-17-00039,3967,3967 samples for validation,1,,,1,,,,,,,
downloaded,crop-classification,2025,10.3390/rs17111816,Attention/Transformer,,body,Attention/Transformer|RNN/LSTM|CNN/Deep Learning,76.77,90.85,0.78,?,,China,random CV/split,,random CV/split,OA was as high as 90.85%,remotesensing-17-01816-v2,,,1,,,1,,,,,,,
downloaded,rice,2025,10.3390/rs17111871,CNN/Deep Learning,,abstract,Foundation Model|Attention/Transformer|CNN/Deep Learning|Object-Based|Phenology/Threshold,90,92.12,,Sentinel-2,2,China,random CV/split,,random CV/split,OA = 87.89%,remotesensing-17-01871,,,1,,,1,92.12,90,91.29,,,1,
downloaded,rice,2026,10.3390/rs18081183,Random Forest/SVM,,body,Random Forest/SVM|Phenology/Threshold,92.5,95,,Sentinel-2,6,Japan,random CV/split,,random CV/split,overall accuracy of 90%,remotesensing-18-01183-v2,,,1,,,1,,,100,,,,
downloaded,crop-classification,2026,10.3390/rs18081234,CNN/Deep Learning,,abstract,Foundation Model|CNN/Deep Learning|Random Forest/SVM|Object-Based|Phenology/Threshold,82.55,90,,Sentinel-2,,Iran,ground/field reference,,ground/field reference,OA of 79.2%,remotesensing-18-01234,,,1,,,1,92,,40,,,,
downloaded,crop-classification,2025,10.1007/s10708-025-11468-5,Random Forest/SVM,,abstract,Random Forest/SVM|Object-Based|Phenology/Threshold,91.11,91.78,0.8973,Sentinel-2,20,China,ground/field reference,,ground/field reference,OA = 90.43%,s10708-025-11468-5,,,1,,,1,97,91,,100,100,1,
downloaded,rice,2025,10.1038/s41597-025-05374-1,Random Forest/SVM,,abstract,CNN/Deep Learning|Random Forest/SVM|Object-Based|Phenology/Threshold,89.94,94.74,,Sentinel-2,10,China,random CV/split,,random CV/split,overall accuracy of 88.85%,s41597-025-05374-1,,,1,,,1,,,,88.52,89.88,,
downloaded,rice,2025,10.1038/s41597-025-05722-1,Phenology/Threshold,,abstract,Random Forest/SVM|Object-Based|Phenology/Threshold,98,98,0.87,Sentinel-2,5,USA,random CV/split,,random CV/split,overall accuracy of 0.98,s41597-025-05722-1,58885,"n = 58,885) shows an overall accuracy",1,,,1,100,87.9,56,,,1,
downloaded,crop-classification,2026,10.1038/s41597-026-06693-7,Phenology/Threshold,,body,Phenology/Threshold,91,91,,Sentinel-1,30,USA,ground/field reference,,ground/field reference,"overall accuracies, 91.00%",s41597-026-06693-7,16000,"16,000 ground-truth points",1,,,0,,,41,,,,
downloaded,rice,2022,10.1038/s41598-022-17454-y,CNN/Deep Learning,,body,CNN/Deep Learning|Random Forest/SVM|Object-Based|Phenology/Threshold,89,96,,Sentinel-2,10,Thailand,random CV/split,,random CV/split,overall accuracies were found to be 96%,s41598-022-17454-y,,,1,,,1,,,100,,,,
downloaded,crop-classification,2025,10.1038/s41598-025-04765-z,Phenology/Threshold,,abstract,CNN/Deep Learning|Random Forest/SVM|Object-Based|Phenology/Threshold,86.7,86.7,,Sentinel-2,10,China,random CV/split,,random CV/split,overall accuracy is as high as 86.7%,s41598-025-04765-z,,,1,,,1,,,32,,,,
downloaded,crop-classification,2025,10.1038/s41598-025-23336-w,CNN/Deep Learning,,abstract,Attention/Transformer|RNN/LSTM|CNN/Deep Learning|Random Forest/SVM|Phenology/Threshold,96.27,96.33,0.9633,Sentinel-2,10,Iran,random CV/split,,random CV/split,overall accuracy was 94.19%,s41598-025-23336-w,,,1,,,1,96.41,,,,,,
downloaded,crop-classification,2023,10.1007/s41651-023-00152-2,Random Forest/SVM,,abstract,CNN/Deep Learning|Random Forest/SVM|Object-Based|Phenology/Threshold,89.15,94.03,0.91,Sentinel-2,10,,random CV/split,,random CV/split,OA of 89.15%,s41651-023-00152-2,,,1,,,1,,,,93.92,100,,
downloaded,crop-classification,2026,10.1007/s41976-026-00288-x,Phenology/Threshold,,body,Phenology/Threshold,84,84,,Sentinel-2,10,,ground/field reference,,ground/field reference,overall accuracy of 84.0%,s41976-026-00288-x,,,1,,,0,,,,,,,
downloaded,rice,2025,10.1038/s43247-025-02490-z,Phenology/Threshold,,body,Phenology/Threshold,89,89,,Landsat,30,Vietnam,,,,overall accuracy of 89%,s43247-025-02490-z,,,1,,,0,,,30,79,79,,
downloaded,rice,2018,10.3390/s18072172,Random Forest/SVM,,abstract,Random Forest/SVM|Object-Based|Phenology/Threshold,92.93,92.93,0.9293,Sentinel-2,10,China,random CV/split,,random CV/split,overall accuracy and kappa coefﬁcient were 92.93%,sensors-18-02172,,,0,"Vegetation index for heavy-metal stress-level discrimination, not extent/type mapping",,1,,,,,,,
downloaded,crop-classification,,,Phenology/Threshold,,abstract,Phenology/Threshold,83.87,83.87,0.7824,Sentinel-2,,Indonesia,,,,overall accuracy of 83.87%,"sriatmaja,+43.+Bangun+12335-AAP",,,1,,,0,,,,,,,
downloaded,rice,2018,10.1080/01431161.2018.1441569,Phenology/Threshold,,abstract,Object-Based|Phenology/Threshold,96.5,96.5,,Landsat,0.3,Italy,random CV/split,,random CV/split,OA = 96.5%,stroppiana2018,,,0,"Early-season weed mapping from UAV imagery, not paddy-extent mapping",,1,,,,,,,
downloaded,rice,2018,10.3390/su10072570,Phenology/Threshold,,abstract,Object-Based|Phenology/Threshold,90,90,,Landsat,30,USA,random CV/split,,random CV/split,overall accuracy of the paddy ﬁelds was higher than 90%,sustainability-10-02570,2016,2016 test samples,1,,,1,,,,,,,
downloaded,rice,2019,10.3390/su11195369,Phenology/Threshold,,body,Phenology/Threshold,88,90,0.76,Sentinel-2,,USA,random CV/split,,random CV/split,overall accuracy of the rice-cropping area was 86%,sustainability-11-05369,,,1,,,0,,,,,,,
downloaded,rice,2011,10.5589/m11-020,Phenology/Threshold,,body,Phenology/Threshold,89,89,,Landsat,30,USA,ground/field reference,,ground/field reference,overall accuracy of 89%,torbick2011,320,320 validation points,1,,,0,,,,,,,
gapfill,rice,2024,10.62146/ijecbe.v2i3.57,CNN/Deep Learning,,manual,CNN/Deep Learning,87.5,91,,?,,Indonesia,,,,"overall accuracy results (%) were 86.5, 87.5 and 91.0 for 2016, 2017, 2018",GF_10_62146_ijecbe_v2i3_57,,,1,,,0,100,,95.3,,,,
gapfill-oa,rice,2024,10.1007/s10661-024-12419-2,CNN/Deep Learning,,body,CNN/Deep Learning,82,86,,Sentinel-1,,USA,ground/field reference,,ground/field reference,OA = 86%,GF_10_1007_s10661_024_12419_2,,,1,,,0,,,,,,,
gapfill-oa,rice,2025,10.1007/s41976-025-00229-0,Object-Based,,abstract,Random Forest/SVM|Object-Based|Phenology/Threshold,85.5,87,0.84,Sentinel-2,10,Pakistan,random CV/split,,random CV/split,overall accuracy for crop maps was reported greater than 84%,GF_10_1007_s41976_025_00229_0,,,1,,,1,,,,,,,
gapfill-oa,rice,2020,10.35741/issn.0258-2724.55.2.61,Random Forest/SVM,,abstract,Random Forest/SVM|Object-Based|Phenology/Threshold,73.9,73.9,0.7,Sentinel-2,10,Vietnam,random CV/split,,random CV/split,overall accuracy of 73.9%,GF_10_35741_issn_0258_2724_55_2_61,,,1,,,1,,,,,,,
gapfill-oa,rice,2025,10.4081/jae.2025.1698,Phenology/Threshold,,abstract,Random Forest/SVM|Phenology/Threshold,88,88,0.93,Sentinel-2,16,China,random CV/split,,random CV/split,overall accuracy of 88%,GF_10_4081_jae_2025_1698,,,1,,,1,,,,,,,
wos,rice,2026,10.1080/17538947.2026.2625542,Phenology/Threshold,,abstract,Transfer/Pre-trained|Attention/Transformer|CNN/Deep Learning|Object-Based|Phenology/Threshold,99.24,99.24,,Sentinel-2,10,China,spatial/independent,Dataset partitioned by spatial blocks to mitigate spatial leakage.,spatial/independent,OA of 99.24%,10.3390_agriculture16040459,,,1,,,1,,,,,,,
wos,rice,2024,10.1007/s12524-024-02025-7,RNN/LSTM,,abstract,RNN/LSTM|CNN/Deep Learning|Random Forest/SVM|Phenology/Threshold,99.12,99.92,0.94,Sentinel-2,,,ground/field reference,,ground/field reference,Overall Accuracy (OA)(up to 99.11%,10.1007_s12524-024-02025-7,,,1,,,1,,,,,,,
wos,rice,2016,10.1007/s11707-016-0545-8,Phenology/Threshold,,abstract,Phenology/Threshold,98.9,98.9,0.976,Landsat,,USA,,Auto spatial label not confirmed on full-text re-read; demoted.,spatial/independent,overall accuracy was 98.9%,10.1007_s11707-016-0545-8,,,1,,,0,,,,,,,
wos,rice,2025,10.3390/rs17193356,CNN/Deep Learning,,abstract,Transfer/Pre-trained|Attention/Transformer|CNN/Deep Learning|Random Forest/SVM|Object-Based|Phenology/Threshold,98.3,98.3,,Sentinel-2,0.3,China,random CV/split,,random CV/split,overall accuracy of 98.3%,10.3390_rs17193356,,,1,,,1,,,,,,,
wos,crop-classification,2024,10.3390/rs16214099,Attention/Transformer,,abstract,Attention/Transformer|CNN/Deep Learning|Random Forest/SVM|Object-Based|Phenology/Threshold,98.14,99.44,,,,China,random CV/split,,random CV/split,overall accuracy of 98.14%,10.3390_rs16214099,,,1,,,1,,,,,,,
wos,rice,2006,10.1080/01431160500239172,Phenology/Threshold,,body,Phenology/Threshold,98,98,0.9838,RADARSAT,,India,ground/field reference,,ground/field reference,overall accuracy was found to be more than 98%,10.1080_01431160500239172,,,1,,,0,,,,,,,
wos,rice,2025,10.3390/agriculture15070706,Attention/Transformer,,abstract,Attention/Transformer|RNN/LSTM|CNN/Deep Learning|Random Forest/SVM|Phenology/Threshold,97.85,98.33,,Sentinel-2,10,USA,random CV/split,,random CV/split,overall accuracy (OA) of 98.33%,10.3390_agriculture15070706,,,1,,,1,,,,,,,
wos,rice,2023,10.1016/j.compag.2023.107714,Random Forest/SVM,,abstract,Random Forest/SVM|Object-Based|Phenology/Threshold,97.6,97.6,0.976,Sentinel-2,16,China,random CV/split,,random CV/split,overall accuracy of 74.4%,10.1016_j.compag.2023.107714,2799,2799 verification samples,1,,,1,,,,100,99.5,,
wos,rice,2011,10.5589/m11-025,Random Forest/SVM,,body,Random Forest/SVM|Object-Based|Phenology/Threshold,97.6,99,,Landsat,,China,ground/field reference,,ground/field reference,overall accuracy of 96.2%,10.5589_m11-025,,,1,,,1,,,,,,,
wos,rice,2022,10.1007/s12524-022-01553-4,Random Forest/SVM,,abstract,Random Forest/SVM|Object-Based|Phenology/Threshold,97.3,97.3,,Sentinel-1,,India,ground/field reference,,ground/field reference,overall accuracy of rice crop classiﬁcation for VH and VV is 97.30%,10.1007_s12524-022-01553-4,,,1,,,1,,,,,,,
wos,rice,2012,10.1080/01431161.2011.642018,Phenology/Threshold,,body,Phenology/Threshold,97,98.5,0.95,RADARSAT,,India,ground/field reference,,ground/field reference,overall accuracy of 98.5%,10.1080_01431161.2011.642018,,,1,,,0,,,,,,,
wos,rice,2021,10.1088/1748-9326/abfac0,Phenology/Threshold,,body,Phenology/Threshold,97,97,0.92,Landsat,30,USA,ground/field reference,,ground/field reference,OA = 97%,10.1088_1748-9326_abfac0,,,1,,,0,,,,,,,
wos,rice,2026,10.1007/s10333-026-01060-z,RNN/LSTM,,abstract,Attention/Transformer|RNN/LSTM|CNN/Deep Learning|Random Forest/SVM|Object-Based|Phenology/Threshold,96.8,97.5,0.97,Sentinel-2,10,Indonesia,random CV/split,,random CV/split,OA = 95.8%,10.1007_s10333-026-01060-z,,,1,,,1,,,,,,,
wos,rice,2008,10.1007/s10596-007-9057-7,Attention/Transformer,,body,Attention/Transformer|Phenology/Threshold,96.67,96.67,,Landsat,,China,ground/field reference,,ground/field reference,overall accuracy of Discrete Rough Set + RSKC (96.67%,10.1016_j.jag.2008.01.004,,,1,,,1,,,,,,,
wos,rice,2020,10.3390/agriculture10100465,CNN/Deep Learning,,body,CNN/Deep Learning|Random Forest/SVM|Phenology/Threshold,96.5,98,,Landsat,1,Taiwan,random CV/split,,random CV/split,overall accuracy is 97%,10.3390_agriculture10100465,,,1,,,1,,,,,,,
wos,crop-classification,2022,10.1016/j.agwat.2022.107642,Phenology/Threshold,,abstract,Phenology/Threshold,96,96,,Sentinel-2,10,Italy,ground/field reference,,ground/field reference,overall accuracy was 96%,10.1016_j.agwat.2022.107642,61,61 reference fields,1,,,0,,,,,,,
wos,rice,2017,10.1016/j.scitotenv.2017.03.221,Phenology/Threshold,,abstract,Transfer/Pre-trained|Random Forest/SVM|Object-Based|Phenology/Threshold,95.75,96.03,0.9124,Landsat,30,USA,random CV/split,,random CV/split,overall accuracy of 95.77%,10.1016_j.scitotenv.2017.03.221,592,592 Reference sites,1,,,1,,,,,88.39,,
wos,rice,2023,10.3390/rs15040974,RNN/LSTM,,abstract,RNN/LSTM|CNN/Deep Learning|Random Forest/SVM|Phenology/Threshold,95.73,95.73,0.9143,Sentinel-2,8,China,random CV/split,,random CV/split,overall accuracy of the rice mapping results was 95.73%,10.3390_rs15040974,,,1,,,1,,,,,,,
wos,rice,2024,10.3389/fpls.2024.1391735,Phenology/Threshold,,abstract,Random Forest/SVM|Phenology/Threshold,95.5,95.5,0.938,RADARSAT,,China,,,,overall accuracy of 95.5%,10.3389_fpls.2024.1391735,,,1,,,1,,,,,,,
wos,rice,2026,10.1080/17538947.2026.2616932,Random Forest/SVM,,abstract,CNN/Deep Learning|Random Forest/SVM|Object-Based|Phenology/Threshold,95.23,96.97,,Sentinel-2,10,USA,random CV/split,,random CV/split,overall accuracy (OA) were 95.47%,10.1016_j.rse.2026.115255,102075,"102,075 validation samples",1,,,1,,,,,,,
wos,crop-classification,2024,10.1016/j.compag.2024.109299,Phenology/Threshold,,abstract,CNN/Deep Learning|Phenology/Threshold,95.12,95.12,,Sentinel-2,11,China,random CV/split,,random CV/split,overall accuracy of 95.12 %,10.1016_j.compag.2024.109299,30,"n = 30), a k-fold (k = 10) cross-validation",1,,,1,,,,,,,
wos,rice,2016,10.1007/s10661-015-5004-6,Phenology/Threshold,,abstract,Phenology/Threshold,95.02,95.02,0.9217,Landsat,90,USA,ground/field reference,,ground/field reference,overall accuracy of 95.02 %,10.1007_s10661-015-5004-6,,,1,,,0,,,,,,,
wos,rice,2020,10.1080/15481603.2019.1658960,Transfer/Pre-trained,,abstract,Transfer/Pre-trained|CNN/Deep Learning|Random Forest/SVM|Object-Based|Phenology/Threshold,95,95,,Landsat,,USA,,,,overall accuracy of 93.56%,10.1080_15481603.2019.1658960,,,1,,,1,,,,,,,
wos,rice,2025,10.1109/jstars.2025.3550109,Attention/Transformer,,abstract,Transfer/Pre-trained|Attention/Transformer|CNN/Deep Learning|Random Forest/SVM|Object-Based|Phenology/Threshold,95,95,,Sentinel-2,,China,random CV/split,,random CV/split,overall accuracies could reach 95%,10.1109_jstars.2025.3550109,,,1,,,1,,,,,,,
wos,rice,2020,10.3390/rs12213666,Random Forest/SVM,,abstract,CNN/Deep Learning|Random Forest/SVM|Object-Based|Phenology/Threshold,95,95,0.93,Landsat,,Taiwan,random CV/split,,random CV/split,overall accuracy of the veriﬁcation classiﬁcation is between 94–95%,10.3390_rs12213666,,,1,,,1,,,,,,,
wos,rice,2023,10.3390/s23135876,Phenology/Threshold,,abstract,CNN/Deep Learning|Random Forest/SVM|Object-Based|Phenology/Threshold,94.67,94.67,0.88,Sentinel-2,0.5,China,random CV/split,,random CV/split,overall accuracy is 94.67%,10.3390_s23135876,300,300 validation points,1,,,1,,,,,,,
wos,crop-classification,2009,10.2747/1548-1603.46.4.424,Phenology/Threshold,,body,Phenology/Threshold,94.65,94.65,0.88,Landsat,30,Mali,random CV/split,,random CV/split,Overall accuracy = 94.65%,10.2747_1548-1603.46.4.424,,,1,,,0,,,,,,,
wos,crop-classification,2026,10.1109/jstars.2025.3575521,CNN/Deep Learning,,abstract,Transfer/Pre-trained|Attention/Transformer|RNN/LSTM|CNN/Deep Learning|Random Forest/SVM|Object-Based|Phenology/Threshold,94.47,98.69,0.85,Sentinel-2,1,USA,random CV/split,,random CV/split,overall accuracy (OA) of 98.69%,10.1109_jstars.2025.3575521,,,1,,,1,,,,,,,
wos,rice,2024,10.3390/agronomy14030557,CNN/Deep Learning,,body,CNN/Deep Learning|Random Forest/SVM|Object-Based|Phenology/Threshold,94.4,95.02,0.8415,Sentinel-2,10,,,,,OA of 94.4%,10.3390_agronomy14030557,,,1,,,1,,,,,,,
wos,crop-classification,2023,10.3390/rs15082001,CNN/Deep Learning,,abstract,CNN/Deep Learning|Random Forest/SVM|Object-Based|Phenology/Threshold,94.15,99,,Sentinel-2,,Vietnam,random CV/split,,random CV/split,overall accuracy of the unsupervised water classiﬁcation method of 89.3%,10.3390_rs15082001,,,1,,,1,,,,,,,
wos,rice,2025,10.1109/jstars.2025.3528124,CNN/Deep Learning,,body,CNN/Deep Learning|Random Forest/SVM|Object-Based|Phenology/Threshold,94.02,95,0.93,Sentinel-2,16,China,ground/field reference,,ground/field reference,overall accuracy and Kappa coefﬁcient were 92.47%,10.1109_jstars.2025.3528124,,,1,,,1,,,,,,,
wos,rice,2021,10.3390/agronomy11040621,Phenology/Threshold,,abstract,RNN/LSTM|CNN/Deep Learning|Random Forest/SVM|Object-Based|Phenology/Threshold,94,94,,Sentinel-2,10,Spain,random CV/split,,random CV/split,overall accuracy of 94%,10.1038_s41597-021-00827-9,,,1,,,1,,,,,,,
wos,crop-classification,2024,10.1016/j.jag.2024.104172,CNN/Deep Learning,,abstract,Transfer/Pre-trained|Attention/Transformer|RNN/LSTM|CNN/Deep Learning|Random Forest/SVM|Object-Based|Phenology/Threshold,93.9,93.9,,Sentinel-2,10,China,ground/field reference,,ground/field reference,overall accuracy (93.9 %,10.1016_j.jag.2024.104172,,,1,,,1,100,,100,100,,,
wos,rice,2012,10.2747/1548-1603.49.1.117,Random Forest/SVM,,abstract,Random Forest/SVM|Phenology/Threshold,93.8,93.8,0.938,Landsat,250,Taiwan,random CV/split,,random CV/split,overall accuracy for the 2002 data was 92.9%,10.2747_1548-1603.49.1.117,,,1,,,1,,,,90,89,,
wos,rice,2021,10.1016/j.ecoinf.2021.101214,RNN/LSTM,,abstract,Transfer/Pre-trained|RNN/LSTM|CNN/Deep Learning|Random Forest/SVM|Phenology/Threshold,93.75,93.75,,Sentinel-2,30,India,,,,overall accuracies of 93.75%,10.1016_j.ecoinf.2021.101214,,,1,,,1,100,,100,,,,
wos,crop-classification,2023,10.1007/s11356-022-24504-5,Random Forest/SVM,,abstract,Random Forest/SVM|Phenology/Threshold,93.5,95,,Landsat,30,Iran,random CV/split,,random CV/split,overall accuracy of more than 92%,10.1007_s11356-022-24504-5,,,1,,,1,,,,,,,
wos,rice,2013,10.1016/j.isprsjprs.2013.09.008,Random Forest/SVM,,abstract,Random Forest/SVM|Phenology/Threshold,93.2,97.9,0.885,Landsat,500,Vietnam,ground/field reference,,ground/field reference,overall accuracy of 97.9%,10.1016_j.isprsjprs.2013.09.008,,,1,,,1,,,,99.3,98.5,,
wos,rice,2016,10.5721/eujrs20164903,Transfer/Pre-trained,,body,Transfer/Pre-trained|Phenology/Threshold,93.2,93.2,0.932,Landsat,30,Vietnam,ground/field reference,,ground/field reference,overall accuracy and Kappa coefficient of 93.2%,10.5721_eujrs20164903,,,1,,,1,,,,,,,
wos,rice,2019,10.1109/jstars.2019.2898727,Phenology/Threshold,,body,Phenology/Threshold,93,100,,Sentinel-1,,Vietnam,,,,OA of ∼86%,10.1109_jstars.2019.2898727,,,1,,,0,,,,,,,
wos,rice,2019,10.1109/jstars.2019.2906684,Phenology/Threshold,,abstract,Random Forest/SVM|Object-Based|Phenology/Threshold,93,98,,Sentinel-2,10,Iran,ground/field reference,,ground/field reference,OA of 88%,10.1109_jstars.2019.2906684,,,1,,,1,,,,,,,
wos,rice,2026,10.3390/rs18040587,Phenology/Threshold,,abstract,CNN/Deep Learning|Random Forest/SVM|Object-Based|Phenology/Threshold,93,93,,Sentinel-2,375,USA,ground/field reference,,ground/field reference,overall accuracy exceeding 93%,10.3390_rs18040587,,,1,,,1,,,,,,,
wos,crop-classification,2025,10.1007/s10661-025-14219-8,Phenology/Threshold,,body,Phenology/Threshold,92.91,92.91,0.85,Sentinel-2,10,USA,random CV/split,,random CV/split,overall accuracy of 92.91%,10.1007_s10661-025-14219-8,,,1,,,0,,,,,,,
wos,rice,2021,10.3390/agronomy11071365,Phenology/Threshold,,abstract,CNN/Deep Learning|Object-Based|Phenology/Threshold,92.8,92.8,,Sentinel-2,500,Spain,ground/field reference,,ground/field reference,overall accuracy was 92.8%,10.1007_s12524-021-01432-4,,,1,,,1,,,,,,,
wos,rice,2011,10.1080/01431161003645816,CNN/Deep Learning,,body,CNN/Deep Learning|Object-Based,92.8,98.7,,Landsat,20,Iran,,,,Overall accuracy ¼ 89.7%,10.1080_01431161003645816,,,1,,,1,,,,,,,
wos,crop-classification,2025,10.3390/rs17132282,Random Forest/SVM,,abstract,Transfer/Pre-trained|RNN/LSTM|CNN/Deep Learning|Random Forest/SVM|Object-Based|Phenology/Threshold,92.75,95,0.95,Sentinel-2,10,China,random CV/split,,random CV/split,overall accuracy (OA) of both summer and winter crop type mapping exceeded 95%,10.3390_rs17132282,398,398 validation samples,1,,,1,,,,,,,
wos,rice,2022,10.3390/agriculture12010077,Random Forest/SVM,,abstract,RNN/LSTM|CNN/Deep Learning|Random Forest/SVM|Object-Based|Phenology/Threshold,92.63,94.43,0.9471,Sentinel-2,6,Taiwan,random CV/split,,random CV/split,"overall accuracy and kappa value were, respectively, 89.51%",10.3390_agriculture12010077,,,1,,,1,,,,,,,
wos,rice,2025,10.1016/j.compag.2025.110790,Transfer/Pre-trained,,abstract,Transfer/Pre-trained|Attention/Transformer|RNN/LSTM|CNN/Deep Learning|Random Forest/SVM|Object-Based|Phenology/Threshold,92.5,92.5,,Sentinel-2,,China,random CV/split,,random CV/split,overall accuracy of 92.50%,10.1016_j.compag.2025.110790,,,1,,,1,,,,,,,
wos,rice,2021,10.1016/j.agsy.2021.103167,Object-Based,,abstract,CNN/Deep Learning|Object-Based|Phenology/Threshold,92.4,92.8,0.85,Sentinel-2,10,USA,random CV/split,,random CV/split,overall accuracy of IRC maps is greater than 92%,10.1016_j.agsy.2021.103167,,,1,,,1,,,,,,,
wos,rice,2018,10.1109/jstars.2018.2829218,Random Forest/SVM,,abstract,CNN/Deep Learning|Random Forest/SVM|Object-Based|Phenology/Threshold,92.03,94.04,,RADARSAT,,USA,ground/field reference,,ground/field reference,overall accuracy of 94.04%,10.1109_jstars.2018.2829218,,,1,,,1,,,,,,,
wos,rice,2019,10.1002/ldr.3402,CNN/Deep Learning,,body,CNN/Deep Learning|Phenology/Threshold,92,92,,Sentinel-2,10,Italy,,,,overall accuracy of 92%,10.1002_ldr.3402,,,1,,,1,,,,,,,
wos,crop-classification,2025,10.1016/j.eja.2025.127663,Phenology/Threshold,,abstract,Transfer/Pre-trained|CNN/Deep Learning|Random Forest/SVM|Phenology/Threshold,92,93,0.92,Sentinel-2,10,China,ground/field reference,,ground/field reference,overall accuracy of 93 %,10.1016_j.eja.2025.127663,,,1,,,1,,,,,,,
wos,rice,2016,10.1016/j.jag.2016.06.018,Phenology/Threshold,,abstract,CNN/Deep Learning|Phenology/Threshold,92,92,,Landsat,0.5,Italy,random CV/split,,random CV/split,OA = 92%,10.1016_j.jag.2016.06.018,,,1,,,1,,,,,,,
wos,crop-classification,2019,10.1080/10106049.2018.1474275,Phenology/Threshold,,abstract,CNN/Deep Learning|Random Forest/SVM|Object-Based|Phenology/Threshold,92,92,0.85,Landsat,30,China,ground/field reference,,ground/field reference,overall accuracy of over 92%,10.1080_10106049.2018.1474275,,,1,,,1,,,,,,,
wos,rice,2024,10.1016/j.cj.2023.12.010,Phenology/Threshold,,abstract,CNN/Deep Learning|Object-Based|Phenology/Threshold,91.92,91.92,0.86,Sentinel-2,10,China,ground/field reference,,ground/field reference,overall accuracy of 91.92%,10.1016_j.cj.2023.12.010,5197,5197 reference sites,1,,,1,88,,49,100,91.89,,
wos,rice,2026,10.3390/rs18081248,RNN/LSTM,,abstract,Transfer/Pre-trained|Attention/Transformer|RNN/LSTM|CNN/Deep Learning|Random Forest/SVM|Phenology/Threshold,91.9,91.9,,Sentinel-2,,China,random CV/split,,random CV/split,overall accuracy of 91.9%,10.3390_rs18081248,,,1,,,1,,,,,,,
wos,crop-classification,2025,10.1016/j.agsy.2025.104338,Transfer/Pre-trained,,body,Transfer/Pre-trained|CNN/Deep Learning|Random Forest/SVM|Phenology/Threshold,91.81,92.57,0.866,Sentinel-2,10,China,random CV/split,,random CV/split,overall accuracy of 92.57 %,10.1016_j.agsy.2025.104338,23615,"23,615 reference sites",1,,,1,85,,,90,40,,
wos,rice,2024,10.1080/17538947.2024.2398068,Random Forest/SVM,,abstract,Transfer/Pre-trained|CNN/Deep Learning|Random Forest/SVM|Object-Based|Phenology/Threshold,91.3,94.54,0.9098,Sentinel-2,10,China,random CV/split,,random CV/split,OA of 83.52%,10.1080_2150704x.2024.2313610,,,1,,,1,,,,,,,
wos,crop-classification,2025,10.1088/2515-7620/adf801,Random Forest/SVM,,abstract,CNN/Deep Learning|Random Forest/SVM|Phenology/Threshold,91.3,93.8,0.89,Sentinel-2,,China,random CV/split,,random CV/split,overall accuracy of 91.3%,10.1088_2515-7620_adf801,,,1,,,1,,,,,,,
wos,crop-classification,2018,10.3390/rs10122011,Phenology/Threshold,,body,Phenology/Threshold,91.25,93.98,0.89,Landsat,30,China,random CV/split,,random CV/split,overall accuracies were 89.50%,10.3390_rs10122011,,,1,,,0,,,,,,,
wos,rice,2022,10.1016/s1002-0160(21)60053-x,Phenology/Threshold,,abstract,Attention/Transformer|Phenology/Threshold,91.17,93.53,0.81,Landsat,90,USA,random CV/split,,random CV/split,overall accuracy was 88.82%,10.1016_s1002-0160_21_60053-x,170,170 ground truth samples,1,,,1,,,,,,,
wos,rice,2022,10.1016/j.jag.2022.103032,CNN/Deep Learning,,body,CNN/Deep Learning|Random Forest/SVM|Phenology/Threshold,91,92,0.9497,Sentinel-2,30,China,random CV/split,,random CV/split,overall accuracy of no less than 90%,10.1016_j.jag.2022.103032,,,1,,,1,,,,,,,
wos,crop-classification,2024,10.3390/rs16101670,CNN/Deep Learning,,abstract,CNN/Deep Learning|Random Forest/SVM|Phenology/Threshold,90.93,96.2,0.83,Sentinel-2,10,China,random CV/split,,random CV/split,overall accuracy of 96.2%,10.3390_rs16101670,,,1,,,1,,,,,,,
wos,rice,2023,10.3390/rs15174167,Phenology/Threshold,,abstract,CNN/Deep Learning|Object-Based|Phenology/Threshold,90.73,90.73,0.8927,Sentinel-2,10,China,random CV/split,,random CV/split,overall accuracy and a kappa coefﬁcient of 89.27%,10.3390_rs15174167,,,1,,,1,,,,,,,
wos,crop-classification,2020,10.1016/j.isprsjprs.2020.05.021,Random Forest/SVM,,abstract,Random Forest/SVM|Object-Based|Phenology/Threshold,90.72,90.72,0.858,Sentinel-2,0.7,Korea,ground/field reference,,ground/field reference,overall accuracy of 90.72%,10.1016_j.isprsjprs.2020.05.021,,,1,,,1,,,,,,,
wos,crop-classification,2022,10.1038/s41597-022-01589-8,Phenology/Threshold,,abstract,Phenology/Threshold,90.5,94,0.82,Sentinel-2,,China,ground/field reference,,ground/field reference,overall accuracy of 89%,10.1038_s41597-022-01589-8,,,1,,,0,,,,,,,
wos,crop-classification,2018,10.3390/rs10091406,Random Forest/SVM,,body,Random Forest/SVM|Object-Based|Phenology/Threshold,90.5,90.6,0.9,Sentinel-2,10,Vietnam,random CV/split,,random CV/split,overall accuracies of 90.5%,10.3390_rs10091406,,,1,,,1,,,,,,,
wos,rice,2011,10.1117/1.3595276,Phenology/Threshold,,abstract,Transfer/Pre-trained|Phenology/Threshold,90.3,90.8,0.937,MODIS,10,Taiwan,ground/field reference,,ground/field reference,overall accuracy was 83.5%,10.1117_1.3595276,250000,"250,000 ground-truth pixels",1,,,1,100,,,84.9,91.8,,
wos,crop-classification,2025,10.3390/rs17071128,Phenology/Threshold,,abstract,CNN/Deep Learning|Random Forest/SVM|Object-Based|Phenology/Threshold,90.3,90.3,0.93,Sentinel-2,,China,,,,overall accuracy: 90.3%,10.3390_rs17071128,,,1,,,1,,,,,,,
wos,crop-classification,2025,10.1109/jstars.2025.3559939,Attention/Transformer,,abstract,Transfer/Pre-trained|Attention/Transformer|RNN/LSTM|CNN/Deep Learning|Random Forest/SVM|Object-Based|Phenology/Threshold,90.1,96.79,,Sentinel-2,10,China,random CV/split,,random CV/split,OA of 90.1%,10.1109_jstars.2025.3559939,,,1,,,1,,,,,,,
wos,crop-classification,2025,10.7546/crabs.2025.02.06,,,none,,90,90,,Landsat,,Vietnam,ground/field reference,,ground/field reference,overall accuracy (OA) of 90%,10.7546_crabs.2025.02.06,,,1,,,0,,,,,,,
wos,rice,2024,10.3390/agriculture14081282,Phenology/Threshold,,abstract,Transfer/Pre-trained|CNN/Deep Learning|Random Forest/SVM|Object-Based|Phenology/Threshold,90,92,0.9,Sentinel-2,,China,ground/field reference,,ground/field reference,overall accuracy of approximately 92%,agriculture-14-01282-v2,,,1,,,1,,,33,,,,
wos,rice,2011,10.1117/1.3595272,Random Forest/SVM,,abstract,Random Forest/SVM|Phenology/Threshold,89.7,89.7,0.897,Landsat,250,Vietnam,random CV/split,,random CV/split,overall accuracy and Kappa coefficient achieved by the SVMs were 89.7%,10.1117_1.3595272,,,1,,,1,100,,,84.9,91.8,,
wos,rice,2025,10.1109/jstars.2025.3619422,Attention/Transformer,,abstract,Transfer/Pre-trained|Attention/Transformer|RNN/LSTM|CNN/Deep Learning|Random Forest/SVM|Object-Based|Phenology/Threshold,89.5,95.2,,Sentinel-2,0.8,China,random CV/split,,random CV/split,OA of 89.50%,10.1109_jstars.2025.3619422,,,1,,,1,,,,,,,
wos,crop-classification,2023,10.3390/rs15174339,Random Forest/SVM,,abstract,Transfer/Pre-trained|CNN/Deep Learning|Random Forest/SVM|Phenology/Threshold,89.36,92.91,0.9176,Sentinel-2,30,Thailand,ground/field reference,,ground/field reference,overall accuracy > 88%,10.3390_rs15174339,987,987 reference points,1,,,1,,,,,,,
wos,crop-classification,2015,10.1007/s11273-014-9342-x,Phenology/Threshold,,abstract,Random Forest/SVM|Phenology/Threshold,89,95,0.89,Sentinel-1,30,USA,ground/field reference,,ground/field reference,overall accuracy and kappa of 95 and 89 %,10.1007_s11273-014-9342-x,490,490 validation samples,1,,,1,,,,,,,
wos,crop-classification,2025,10.3390/rs17162852,CNN/Deep Learning,,abstract,Transfer/Pre-trained|Attention/Transformer|RNN/LSTM|CNN/Deep Learning|Random Forest/SVM|Phenology/Threshold,88.89,89.16,,Sentinel-2,0.8,China,ground/field reference,,ground/field reference,overall accuracy (OA) of 88.63%,remotesensing-17-02852,,,1,,,1,,,100,,,,
wos,rice,2019,10.1007/s11442-019-1689-8,Phenology/Threshold,,body,Phenology/Threshold,88.83,88.83,0.75,Landsat,30,China,random CV/split,,random CV/split,overall accuracies were 88.83%,10.1007_s11442-019-1689-8,2015,2015 Validation samples,1,,,0,,,,,,,
wos,crop-classification,2011,10.1016/j.ecoinf.2011.04.004,Transfer/Pre-trained,,body,Transfer/Pre-trained|Phenology/Threshold,88.7,88.7,0.833,Landsat,,USA,random CV/split,,random CV/split,overall accuracy is 88.7%,10.1016_j.ecoinf.2011.04.004,,,1,,,1,,,,,,,
wos,crop-classification,2019,10.1016/j.jag.2019.06.002,Random Forest/SVM,,abstract,Random Forest/SVM|Object-Based|Phenology/Threshold,88.7,88.7,,Sentinel-2,10,China,random CV/split,,random CV/split,overall accuracies of 88.7%,10.1016_j.jag.2019.06.002,,,1,,,1,,,,,,,
wos,rice,2021,10.1016/j.rse.2020.112112,Object-Based,,body,Object-Based|Phenology/Threshold,88.7,90,0.83,Sentinel-2,5,China,,,,overall accuracy of over 80%,10.1016_j.rse.2020.112112,,,1,,,1,93.2,91.8,,100,100,1,
wos,rice,2023,10.3390/rs15092443,Transfer/Pre-trained,,abstract,Transfer/Pre-trained|Attention/Transformer|RNN/LSTM|CNN/Deep Learning|Random Forest/SVM|Phenology/Threshold,88.66,90.31,0.8637,Sentinel-2,10,USA,random CV/split,,random CV/split,overall accuracy of more than 87%,10.3390_rs15092443,1500,1500 validation sample,1,,,1,,,,,,,
wos,rice,2018,10.3390/rs10040546,Attention/Transformer,,abstract,Attention/Transformer|Random Forest/SVM|Object-Based|Phenology/Threshold,88.54,91.53,0.83,Sentinel-2,10,China,ground/field reference,,ground/field reference,overall accuracy for OCSVC was 88.54%,10.3390_rs10040546,,,1,,,1,,,,,,,
wos,crop-classification,2021,10.3390/rs13173359,Object-Based,,body,Object-Based|Phenology/Threshold,88.09,90.67,0.9125,Landsat,15,Vietnam,ground/field reference,,ground/field reference,overall accuracies of 86.7%,remotesensing-13-03359,,,1,,,1,,,,99.2,100,,
wos,crop-classification,2018,10.1002/eap.1658,Phenology/Threshold,,body,Phenology/Threshold,88,88,,Landsat,,,random CV/split,,random CV/split,Overall accuracies ranged between 88%,10.1002_eap.1658,,,1,,,0,34,,76,,,,
wos,rice,2018,10.1016/j.rse.2017.12.001,Phenology/Threshold,,abstract,Phenology/Threshold,88,88,,Sentinel-1,30,China,random CV/split,,random CV/split,overall accuracies were 88%,10.1016_j.rse.2017.12.001,,,1,,,0,,,,94,,,
wos,rice,2025,10.1109/jstars.2025.3560992,RNN/LSTM,,abstract,Transfer/Pre-trained|Attention/Transformer|RNN/LSTM|CNN/Deep Learning|Random Forest/SVM|Object-Based|Phenology/Threshold,88,88.2,0.86,Sentinel-2,2,China,random CV/split,,random CV/split,overall accuracy of over 88%,Mapping_County-Level_Rice_Planting_Areas_by_Joint_Use_of_High-Resolution_Optical_and_Time_Series_SAR_Imagery,,,1,,,1,93.29,,89.67,,,,
wos,crop-classification,2018,10.1016/j.compag.2018.07.039,Phenology/Threshold,,abstract,CNN/Deep Learning|Phenology/Threshold,87.91,91.49,0.8577,Landsat,30,USA,random CV/split,,random CV/split,overall accuracy = 91.49%,10.1016_j.compag.2018.07.039,2536,2536 ground truth sites,1,,,1,,,,,94.84,,
wos,rice,2019,10.1080/22797254.2019.1581583,Phenology/Threshold,,abstract,Random Forest/SVM|Phenology/Threshold,87.8,99,0.76,Sentinel-2,10,Italy,ground/field reference,,ground/field reference,overall accuracy to be 87.8%,10.1080_22797254.2019.1581583,,,1,,,1,,,,,,,
wos,rice,2017,10.1080/22797254.2017.1279819,CNN/Deep Learning,,body,CNN/Deep Learning|Random Forest/SVM|Object-Based|Phenology/Threshold,87.4,90.47,0.75,Sentinel-2,8,China,ground/field reference,,ground/field reference,overall accuracy more than 86.0%,10.1080_22797254.2017.1279819,,,1,,,1,,,,,,,
wos,rice,2023,10.1007/s10333-022-00922-6,Phenology/Threshold,,abstract,CNN/Deep Learning|Object-Based|Phenology/Threshold,87.1,87.1,0.718,Sentinel-2,1,Indonesia,ground/field reference,,ground/field reference,overall accuracy of NDVI Landsat 8 Lv2 was 87.1%,10.1007_s10333-022-00922-6,,,1,,,1,,,,,,,
wos,crop-classification,2008,10.1080/01431160802235878,CNN/Deep Learning,,body,CNN/Deep Learning|Phenology/Threshold,87,87,,Landsat,90,Sri Lanka,ground/field reference,,ground/field reference,overall accuracies of wetland classes varied between 87%,10.1007_s10596-007-9057-7,,,1,,,1,,,,,,,
wos,rice,2024,10.3390/agriculture14010002,CNN/Deep Learning,,abstract,Transfer/Pre-trained|RNN/LSTM|CNN/Deep Learning|Phenology/Threshold,87,87,,Sentinel-1,,China,ground/field reference,,ground/field reference,overall accuracy of more than 87%,10.3390_rs16193569,,,1,,,1,,,,,,,
wos,crop-classification,2022,10.3390/rs14164056,Transfer/Pre-trained,,body,Transfer/Pre-trained|RNN/LSTM|CNN/Deep Learning|Random Forest/SVM|Phenology/Threshold,86.93,90,0.79,Sentinel-2,10,China,random CV/split,,random CV/split,overall accuracy above 90%,10.3390_rs14164056,,,1,,,1,,,,,,,
wos,rice,2023,10.1007/s00382-023-06874-9,Attention/Transformer,,abstract,Transfer/Pre-trained|Attention/Transformer|RNN/LSTM|CNN/Deep Learning|Random Forest/SVM|Object-Based|Phenology/Threshold,86.9,93.95,0.9235,Sentinel-2,20,Pakistan,random CV/split,,random CV/split,OA = 72.97%,10.1007_s00382-023-06874-9,,,1,,,1,,,,,,,
wos,crop-classification,2026,10.3390/rs18030460,Random Forest/SVM,,abstract,CNN/Deep Learning|Random Forest/SVM|Object-Based|Phenology/Threshold,86.85,93.44,0.91,Sentinel-2,10,Spain,ground/field reference,,ground/field reference,overall accuracy of 86.85%,10.3390_rs18030460,,,1,,,1,,,,,,,
wos,rice,2026,10.3390/agriculture16040459,Random Forest/SVM,,abstract,Transfer/Pre-trained|RNN/LSTM|CNN/Deep Learning|Random Forest/SVM|Object-Based|Phenology/Threshold,86.25,94.18,0.84,Sentinel-2,10,China,random CV/split,,random CV/split,OA of 94.18%,10.1080_17538947.2026.2616932,,,1,,,1,100,,100,,,,
wos,rice,2022,10.3390/su14138009,Phenology/Threshold,,abstract,RNN/LSTM|Random Forest/SVM|Phenology/Threshold,86.2,96,,Sentinel-2,,China,ground/field reference,,ground/field reference,overall accuracy of about 85%,10.3390_su14138009,,,1,,,1,,,,,,,
wos,crop-classification,2022,10.1016/j.jag.2021.102656,CNN/Deep Learning,,body,CNN/Deep Learning|Random Forest/SVM|Object-Based|Phenology/Threshold,86,86,0.83,Sentinel-2,10,China,,,,overall accuracy of 86%,10.1016_j.jag.2021.102656,7952,7952 Validation samples,1,,,1,,,,,,,
wos,crop-classification,2019,10.3390/rs11030357,Transfer/Pre-trained,,abstract,Transfer/Pre-trained|Object-Based|Phenology/Threshold,86,89,,Sentinel-2,10,USA,random CV/split,,random CV/split,overall accuracy of 83%,10.3390_rs11030357,1000,1000 test samples,1,,,1,,,,,,,
wos,rice,2024,10.3390/agriculture14030345,Random Forest/SVM,,abstract,CNN/Deep Learning|Random Forest/SVM|Object-Based|Phenology/Threshold,85.28,94,0.94,Sentinel-2,10,China,random CV/split,,random CV/split,overall accuracy of 82.5%,10.3390_agriculture14030345,,,1,,,1,,,,,,,
wos,crop-classification,2010,10.1007/s11430-010-4002-3,,,none,,85,85,,Landsat,,China,ground/field reference,,ground/field reference,overall accuracy of 85%,10.1007_s11430-010-4002-3,,,1,,,0,,,,,,,
wos,rice,2024,10.1080/22797254.2024.2406796,Phenology/Threshold,,abstract,Phenology/Threshold,85,90,0.74,Sentinel-2,10,India,random CV/split,,random CV/split,overall accuracy of over 80%,10.1016_j.gecco.2024.e03290,1150,1150 ground truth samples,1,,,0,,,,,,,
wos,rice,2023,10.3389/fenvs.2023.1137835,Transfer/Pre-trained,,body,Transfer/Pre-trained|CNN/Deep Learning|Random Forest/SVM|Phenology/Threshold,85,85,0.68,Sentinel-2,5,USA,random CV/split,,random CV/split,Overall Accuracy: 85%,10.3389_fenvs.2023.1137835,,,1,,,1,,88,,,,1,
wos,rice,2018,10.1080/10106049.2017.1289555,Random Forest/SVM,,abstract,Random Forest/SVM|Object-Based|Phenology/Threshold,84.75,86.1,0.861,Sentinel-1,10,Vietnam,ground/field reference,,ground/field reference,overall accuracy and Kappa coefficient achieved from RF were 86.1%,10.1080_10106049.2017.1289555,,,1,,,1,,,,87.6,85.7,,
wos,rice,2025,10.1007/s12524-024-02020-y,Random Forest/SVM,,abstract,Random Forest/SVM|Phenology/Threshold,84.5,89,0.87,Sentinel-2,30,,random CV/split,,random CV/split,overall accuracy and kappa coefficient were obtained using 50%,10.1007_s12524-024-02020-y,,,1,,,1,,,,,,,
wos,rice,2015,10.1117/1.jrs.9.096002,Phenology/Threshold,,abstract,Random Forest/SVM|Object-Based|Phenology/Threshold,84.3,89.3,0.893,Landsat,30,Japan,random CV/split,,random CV/split,overall accuracies and kappa coefficients generally >84.3%,10.1117_1.jrs.9.096002,,,1,,,1,,,,86.5,95.4,,
wos,rice,2026,10.1016/j.rse.2026.115256,Transfer/Pre-trained,,abstract,Transfer/Pre-trained|Attention/Transformer|RNN/LSTM|CNN/Deep Learning|Random Forest/SVM|Object-Based|Phenology/Threshold,84.14,92.3,,Sentinel-2,10,China,ground/field reference,,ground/field reference,OA: 92.20%,10.1016_j.ijdrr.2025.105979,,,1,,,1,100,,100,100,,,
wos,rice,2023,10.3389/fevo.2023.1093454,Phenology/Threshold,,abstract,Random Forest/SVM|Object-Based|Phenology/Threshold,84,84,0.96,Sentinel-2,10,China,random CV/split,,random CV/split,overall accuracy higher than 84%,10.3389_fevo.2023.1093454,140,140 validation samples,1,,,1,,,,,,,
wos,crop-classification,2022,10.3390/su141912789,Attention/Transformer,,abstract,Attention/Transformer|CNN/Deep Learning|Random Forest/SVM|Phenology/Threshold,84,84,0.825,Sentinel-2,1,China,random CV/split,,random CV/split,overall accuracy of 84%,10.3390_su141912789,,,1,,,1,,,,,,,
wos,crop-classification,2018,10.1080/01431161.2017.1399477,Random Forest/SVM,,abstract,Random Forest/SVM|Phenology/Threshold,83.96,83.96,0.79,Sentinel-2,,USA,random CV/split,,random CV/split,OA = 83.96%,10.1080_01431161.2017.1399477,,,1,,,1,100,,100,,,,
wos,rice,2012,10.1080/01431161.2012.661091,Phenology/Threshold,,body,Phenology/Threshold,83.95,87.91,0.8371,Landsat,250,Japan,random CV/split,,random CV/split,overall accuracy of more than 80%,10.1080_01431161.2012.661091,,,1,,,0,,,,,,,
wos,rice,2021,10.1016/j.jag.2021.102351,Transfer/Pre-trained,,body,Transfer/Pre-trained|CNN/Deep Learning|Random Forest/SVM|Object-Based|Phenology/Threshold,83,85,,Sentinel-2,1,China,random CV/split,,random CV/split,overall accuracies of 85%,10.1016_j.jag.2021.102351,,,1,,,1,,,,,,,
wos,crop-classification,2024,10.1016/j.jag.2024.104260,Random Forest/SVM,,abstract,CNN/Deep Learning|Random Forest/SVM|Phenology/Threshold,83,83,,Sentinel-2,10,Australia,spatial/independent,Nested 5-fold spatial cross-validation with spatial clusters (Fiji LULC).,spatial/independent,overall accuracy of 83 %,10.1016_j.jag.2024.104260,,,1,,,1,100,,100,100,,,
wos,crop-classification,2026,10.1038/s41597-025-06516-1,Transfer/Pre-trained,,body,Transfer/Pre-trained|CNN/Deep Learning|Random Forest/SVM|Phenology/Threshold,82.85,86.2,0.926,Sentinel-2,10,China,random CV/split,,random CV/split,overall accuracies of 80.7%,s41597-025-06516-1_reference,4932,4932 ground truth samples,1,,,1,100,,48,,,,
wos,crop-classification,2024,10.3390/rs16193569,Random Forest/SVM,,abstract,CNN/Deep Learning|Random Forest/SVM|Object-Based|Phenology/Threshold,82.6,82.6,0.81,Sentinel-2,10,Vietnam,random CV/split,,random CV/split,overall accuracy of the classification is 82.6%,remotesensing-16-03569,605,605 reference points,1,,,1,80,,,,,,
wos,crop-classification,2019,10.1109/jstars.2019.2937949,Random Forest/SVM,,body,Random Forest/SVM|Phenology/Threshold,81.9,83.9,,Landsat,90,USA,random CV/split,,random CV/split,overall accuracy exceeding 79%,10.1109_jstars.2019.2937949,,,1,,,1,,,,,,,
wos,rice,2021,10.1080/01431161.2020.1842541,CNN/Deep Learning,,body,CNN/Deep Learning|Random Forest/SVM|Phenology/Threshold,81.89,85,0.73,Sentinel-2,5,Indonesia,random CV/split,,random CV/split,overall accuracy higher than 85%,10.1080_01431161.2020.1842541,,,1,,,1,,,,,,,
wos,crop-classification,2026,10.3390/rs18071034,Attention/Transformer,,abstract,Transfer/Pre-trained|Attention/Transformer|CNN/Deep Learning|Random Forest/SVM|Object-Based|Phenology/Threshold,81.84,81.84,,Sentinel-2,1,China,ground/field reference,,ground/field reference,overall accuracy (OA) of 81.84%,10.3390_rs18071034,528,528 test samples,1,,,1,,,,,,,
wos,crop-classification,2015,10.1007/s11442-015-1247-y,Phenology/Threshold,,abstract,Object-Based|Phenology/Threshold,81.17,82.83,0.66,Landsat,90,Pakistan,ground/field reference,,ground/field reference,overall accuracies for rabi and kharif are 82.83%,10.1007_s11442-015-1247-y,,,1,,,1,,,,,,,
wos,crop-classification,2022,10.1016/j.compag.2022.107083,Random Forest/SVM,,abstract,Transfer/Pre-trained|Random Forest/SVM|Object-Based|Phenology/Threshold,81,97,,Sentinel-2,1,Thailand,random CV/split,,random CV/split,overall accuracy (OA) of 81%,10.1016_j.compag.2022.107083,758,758 reference points,1,,,1,,,,,,,
wos,rice,2025,10.1007/s10661-025-13620-7,Random Forest/SVM,,abstract,Attention/Transformer|CNN/Deep Learning|Random Forest/SVM|Object-Based|Phenology/Threshold,80,80,,Sentinel-2,10,India,ground/field reference,,ground/field reference,overall accuracy of ≥ 80%,10.1007_s10661-025-13620-7,,,1,,,1,,,,,,,
wos,rice,2026,10.1007/s12524-025-02409-3,Phenology/Threshold,,abstract,Transfer/Pre-trained|RNN/LSTM|CNN/Deep Learning|Random Forest/SVM|Object-Based|Phenology/Threshold,80,80,0.934,Sentinel-2,0.3,China,ground/field reference,,ground/field reference,overall accuracy typically exceeding 80%,10.1007_s12524-025-02409-3,,,1,,,1,,,,,,,
wos,rice,2022,10.1016/j.compag.2022.107232,Phenology/Threshold,,abstract,CNN/Deep Learning|Object-Based|Phenology/Threshold,80,80,,Sentinel-2,5,China,random CV/split,,random CV/split,overall accuracy basically above 80%,10.1016_j.compag.2022.107232,1150,1150 validation samples,1,,,1,,,,,,,
wos,crop-classification,2022,10.1080/15481603.2022.2088651,Random Forest/SVM,,abstract,CNN/Deep Learning|Random Forest/SVM|Object-Based|Phenology/Threshold,79.8,85.3,0.77,Sentinel-2,30,USA,random CV/split,,random CV/split,overall accuracy of 79.8%,10.1080_15481603.2022.2088651,858,858 samples for validation,1,,,1,,,30,,,,
wos,crop-classification,2024,10.3390/app14093545,Attention/Transformer,,abstract,Transfer/Pre-trained|Attention/Transformer|RNN/LSTM|CNN/Deep Learning|Random Forest/SVM|Object-Based|Phenology/Threshold,79.4,83.43,0.8,Sentinel-2,250,China,random CV/split,,random CV/split,OA: 79.40%,10.3390_app14093545,,,1,,,1,,,,,,,
wos,crop-classification,2019,10.3390/rs11020207,Random Forest/SVM,,abstract,CNN/Deep Learning|Random Forest/SVM|Object-Based|Phenology/Threshold,79.4,91.7,,Sentinel-2,30,Japan,random CV/split,,random CV/split,overall accuracy of 91.7%,10.3390_rs11020207,,,1,,,1,,,,,,,
wos,crop-classification,2022,10.1016/j.envsoft.2022.105534,Object-Based,,abstract,Transfer/Pre-trained|Random Forest/SVM|Object-Based|Phenology/Threshold,79,79,,Sentinel-2,10,USA,random CV/split,,random CV/split,overall accuracies up to ~79%,10.1016_j.envsoft.2022.105534,,,1,,,1,80.2,80.2,,,,1,
wos,rice,2018,10.3390/rs10071003,Phenology/Threshold,,abstract,Transfer/Pre-trained|Phenology/Threshold,78.23,80.5,0.62,Landsat,500,Indonesia,random CV/split,,random CV/split,OA of 80.5%,10.3390_rs10071003,,,1,,,1,,,,,,,
wos,rice,2026,10.3390/plants15050715,Random Forest/SVM,,abstract,Transfer/Pre-trained|CNN/Deep Learning|Random Forest/SVM|Object-Based|Phenology/Threshold,77.33,86,0.87,Sentinel-2,10,China,random CV/split,,random CV/split,overall accuracy of RF model range was 77.33%,10.3390_rs18111828,300,300 validation points,1,,,1,,,,,,,
wos,crop-classification,2022,10.3390/rs14102341,RNN/LSTM,,abstract,RNN/LSTM|CNN/Deep Learning|Random Forest/SVM|Object-Based|Phenology/Threshold,76.36,98.9,,Sentinel-2,,China,random CV/split,,random CV/split,overall accuracy of 98.9%,10.3390_rs14102341,,,1,,,1,,,,,,,
wos,crop-classification,2026,10.1016/j.rse.2026.115234,Transfer/Pre-trained,,abstract,Transfer/Pre-trained|Attention/Transformer|RNN/LSTM|CNN/Deep Learning|Random Forest/SVM|Phenology/Threshold,76,92.14,,Sentinel-2,10,China,,Auto spatial label not confirmed on full-text re-read; demoted.,spatial/independent,overall accuracy exceeding 76%,10.1016_j.rse.2026.115234,1013,1013 validation samples,1,,,1,,,,,,,
wos,crop-classification,2023,10.3390/rs15081990,CNN/Deep Learning,,abstract,RNN/LSTM|CNN/Deep Learning|Random Forest/SVM|Object-Based|Phenology/Threshold,76,76,,Sentinel-2,,China,ground/field reference,,ground/field reference,overall accuracy of 76%,10.3390_rs15081990,,,1,,,1,,,,,,,
wos,crop-classification,2025,10.1016/j.scib.2025.01.053,CNN/Deep Learning,,body,CNN/Deep Learning|Phenology/Threshold,74.6,74.6,,Sentinel-2,10,China,ground/field reference,,ground/field reference,overall accuracy ranged from 74.6%,10.1007_s10661-025-13656-9,,,1,,,1,,,,,,,
wos,rice,2015,10.1109/lgrs.2015.2388953,Phenology/Threshold,,abstract,Phenology/Threshold,72.51,72.51,,ENVISAT ASAR,,,,,,OA of 72.51%,10.1109_lgrs.2015.2388953,,,1,,,0,,,,,,,
wos,rice,2011,10.1080/01431161.2010.494639,Phenology/Threshold,,abstract,Phenology/Threshold,71.6,71.6,,Landsat,250,Vietnam,random CV/split,,random CV/split,overall accuracy of 71.6%,10.1080_01431161.2010.494639,,,1,,,0,,,53,,,,
wos,rice,2016,10.1109/jstars.2016.2586102,Random Forest/SVM,,abstract,Random Forest/SVM|Object-Based|Phenology/Threshold,71,71,,Landsat,8,Vietnam,random CV/split,,random CV/split,overall accuracy was 71%,10.1109_jstars.2016.2586102,,,1,,,1,,,,82,,,
wos,rice,2025,10.1080/19475705.2025.2455487,,,none,,70,70,,ALOS/PALSAR,5,Indonesia,ground/field reference,,ground/field reference,overall accuracy of 70%,10.1080_19475705.2025.2455487,,,1,,,0,,,,,,,
wos,rice,2025,10.5194/essd-17-1781-2025,Phenology/Threshold,,abstract,Transfer/Pre-trained|Random Forest/SVM|Object-Based|Phenology/Threshold,69.76,69.76,,Sentinel-2,5,China,random CV/split,,random CV/split,overall accuracy (OA) ranges from 69.76 %,10.5194_essd-17-1781-2025,,,1,,,1,,,,,,,
wos,rice,2021,10.1080/10095020.2021.1984183,Phenology/Threshold,,abstract,Transfer/Pre-trained|CNN/Deep Learning|Random Forest/SVM|Object-Based|Phenology/Threshold,68,76,0.49,Sentinel-2,10,Philippines,ground/field reference,,ground/field reference,overall accuracy was achieved at 68%,10.1080_10095020.2021.1984183,336,n = 336) and 30% validation,1,,,1,,,,,,,
wos,crop-classification,2020,10.1080/01431161.2020.1750730,CNN/Deep Learning,,body,CNN/Deep Learning|Random Forest/SVM|Phenology/Threshold,66.56,77,0.31,Sentinel-2,2.5,India,ground/field reference,,ground/field reference,overall accuracy (54.65%,10.1080_01431161.2020.1750730,,,1,,,1,,,,,,,
